/* Generated from model_int8.tflite (24152 bytes). Do not edit. */
#pragma once
#include <cstdint>

alignas(16) const unsigned char g_model_data[] = {
    0x20, 0x00, 0x00, 0x00, 0x54, 0x46, 0x4c, 0x33, 0x00, 0x00, 0x00, 0x00,
    0x14, 0x00, 0x20, 0x00, 0x1c, 0x00, 0x18, 0x00, 0x14, 0x00, 0x10, 0x00,
    0x0c, 0x00, 0x00, 0x00, 0x08, 0x00, 0x04, 0x00, 0x14, 0x00, 0x00, 0x00,
    0x1c, 0x00, 0x00, 0x00, 0x94, 0x00, 0x00, 0x00, 0x14, 0x01, 0x00, 0x00,
    0x9c, 0x48, 0x00, 0x00, 0xac, 0x48, 0x00, 0x00, 0xe8, 0x5d, 0x00, 0x00,
    0x03, 0x00, 0x00, 0x00, 0x01, 0x00, 0x00, 0x00, 0x10, 0x00, 0x00, 0x00,
    0x00, 0x00, 0x0a, 0x00, 0x10, 0x00, 0x0c, 0x00, 0x08, 0x00, 0x04, 0x00,
    0x0a, 0x00, 0x00, 0x00, 0x0c, 0x00, 0x00, 0x00, 0x1c, 0x00, 0x00, 0x00,
    0x3c, 0x00, 0x00, 0x00, 0x0f, 0x00, 0x00, 0x00, 0x73, 0x65, 0x72, 0x76,
    0x69, 0x6e, 0x67, 0x5f, 0x64, 0x65, 0x66, 0x61, 0x75, 0x6c, 0x74, 0x00,
    0x01, 0x00, 0x00, 0x00, 0x04, 0x00, 0x00, 0x00, 0x6c, 0xff, 0xff, 0xff,
    0x0a, 0x00, 0x00, 0x00, 0x04, 0x00, 0x00, 0x00, 0x08, 0x00, 0x00, 0x00,
    0x6f, 0x75, 0x74, 0x70, 0x75, 0x74, 0x5f, 0x30, 0x00, 0x00, 0x00, 0x00,
    0x01, 0x00, 0x00, 0x00, 0x04, 0x00, 0x00, 0x00, 0x4a, 0xb7, 0xff, 0xff,
    0x04, 0x00, 0x00, 0x00, 0x0b, 0x00, 0x00, 0x00, 0x69, 0x6e, 0x70, 0x75,
    0x74, 0x5f, 0x6c, 0x61, 0x79, 0x65, 0x72, 0x00, 0x03, 0x00, 0x00, 0x00,
    0x5c, 0x00, 0x00, 0x00, 0x2c, 0x00, 0x00, 0x00, 0x04, 0x00, 0x00, 0x00,
    0xb8, 0xff, 0xff, 0xff, 0x0e, 0x00, 0x00, 0x00, 0x04, 0x00, 0x00, 0x00,
    0x13, 0x00, 0x00, 0x00, 0x43, 0x4f, 0x4e, 0x56, 0x45, 0x52, 0x53, 0x49,
    0x4f, 0x4e, 0x5f, 0x4d, 0x45, 0x54, 0x41, 0x44, 0x41, 0x54, 0x41, 0x00,
    0xdc, 0xff, 0xff, 0xff, 0x0d, 0x00, 0x00, 0x00, 0x04, 0x00, 0x00, 0x00,
    0x13, 0x00, 0x00, 0x00, 0x6d, 0x69, 0x6e, 0x5f, 0x72, 0x75, 0x6e, 0x74,
    0x69, 0x6d, 0x65, 0x5f, 0x76, 0x65, 0x72, 0x73, 0x69, 0x6f, 0x6e, 0x00,
    0x08, 0x00, 0x0c, 0x00, 0x08, 0x00, 0x04, 0x00, 0x08, 0x00, 0x00, 0x00,
    0x0c, 0x00, 0x00, 0x00, 0x04, 0x00, 0x00, 0x00, 0x13, 0x00, 0x00, 0x00,
    0x6d, 0x69, 0x6e, 0x5f, 0x72, 0x75, 0x6e, 0x74, 0x69, 0x6d, 0x65, 0x5f,
    0x76, 0x65, 0x72, 0x73, 0x69, 0x6f, 0x6e, 0x00, 0x0f, 0x00, 0x00, 0x00,
    0x84, 0x47, 0x00, 0x00, 0x7c, 0x47, 0x00, 0x00, 0x44, 0x47, 0x00, 0x00,
    0x54, 0x45, 0x00, 0x00, 0x84, 0x44, 0x00, 0x00, 0x74, 0x32, 0x00, 0x00,
    0xe4, 0x30, 0x00, 0x00, 0xd4, 0x00, 0x00, 0x00, 0xcc, 0x00, 0x00, 0x00,
    0xc4, 0x00, 0x00, 0x00, 0xbc, 0x00, 0x00, 0x00, 0xb4, 0x00, 0x00, 0x00,
    0x94, 0x00, 0x00, 0x00, 0x74, 0x00, 0x00, 0x00, 0x04, 0x00, 0x00, 0x00,
    0x26, 0xb8, 0xff, 0xff, 0x04, 0x00, 0x00, 0x00, 0x60, 0x00, 0x00, 0x00,
    0x0c, 0x00, 0x00, 0x00, 0x08, 0x00, 0x0e, 0x00, 0x08, 0x00, 0x04, 0x00,
    0x08, 0x00, 0x00, 0x00, 0x10, 0x00, 0x00, 0x00, 0x28, 0x00, 0x00, 0x00,
    0x00, 0x00, 0x06, 0x00, 0x08, 0x00, 0x04, 0x00, 0x06, 0x00, 0x00, 0x00,
    0x04, 0x00, 0x00, 0x00, 0x01, 0x00, 0x00, 0x00, 0xeb, 0x03, 0x00, 0x00,
    0x0c, 0x00, 0x18, 0x00, 0x14, 0x00, 0x10, 0x00, 0x0c, 0x00, 0x04, 0x00,
    0x0c, 0x00, 0x00, 0x00, 0x19, 0xf4, 0xb7, 0x97, 0xa4, 0x56, 0x81, 0x08,
    0x02, 0x00, 0x00, 0x00, 0x02, 0x00, 0x00, 0x00, 0x04, 0x00, 0x00, 0x00,
    0x06, 0x00, 0x00, 0x00, 0x32, 0x2e, 0x31, 0x39, 0x2e, 0x31, 0x00, 0x00,
    0x92, 0xb8, 0xff, 0xff, 0x04, 0x00, 0x00, 0x00, 0x10, 0x00, 0x00, 0x00,
    0x00, 0x00, 0x00, 0x00, 0x00, 0x00, 0x00, 0x00, 0x00, 0x00, 0x00, 0x00,
    0x00, 0x00, 0x00, 0x00, 0xae, 0xb8, 0xff, 0xff, 0x04, 0x00, 0x00, 0x00,
    0x10, 0x00, 0x00, 0x00, 0x31, 0x2e, 0x31, 0x34, 0x2e, 0x30, 0x00, 0x00,
    0x00, 0x00, 0x00, 0x00, 0x00, 0x00, 0x00, 0x00, 0x98, 0xb8, 0xff, 0xff,
    0x9c, 0xb8, 0xff, 0xff, 0xa0, 0xb8, 0xff, 0xff, 0xa4, 0xb8, 0xff, 0xff,
    0xda, 0xb8, 0xff, 0xff, 0x04, 0x00, 0x00, 0x00, 0x00, 0x30, 0x00, 0x00,
    0x33, 0xf6, 0x18, 0xb4, 0xe5, 0x6a, 0x3a, 0x2a, 0x01, 0x2b, 0xbb, 0x5a,
    0x63, 0xf5, 0x4e, 0x1b, 0xe9, 0xb3, 0xba, 0x2b, 0xc4, 0x3e, 0xfe, 0x33,
    0xd2, 0xfa, 0x73, 0x6f, 0x15, 0x7f, 0x25, 0xfc, 0x73, 0x3e, 0xb8, 0x12,
    0xca, 0xf8, 0x92, 0xce, 0xa5, 0x9c, 0xb7, 0x0b, 0x2c, 0xcb, 0x3b, 0x1a,
    0x12, 0x93, 0x31, 0xb1, 0xa6, 0xa3, 0xde, 0x4c, 0xcb, 0x31, 0x20, 0x0d,
    0x56, 0x0d, 0x98, 0xf3, 0x9c, 0x4e, 0x1e, 0xcc, 0xb2, 0xcd, 0x51, 0x57,
    0x60, 0xbd, 0x15, 0x12, 0xeb, 0x57, 0x5c, 0x15, 0xb5, 0xf2, 0x58, 0x59,
    0xad, 0x18, 0xeb, 0x9f, 0xc8, 0xe1, 0xe3, 0x12, 0x0e, 0x28, 0xf1, 0x0a,
    0xe8, 0xe5, 0xed, 0x1d, 0x29, 0xb3, 0xc8, 0x48, 0xfb, 0x68, 0x32, 0x1e,
    0xc6, 0xc9, 0x7a, 0xd2, 0x2d, 0x6d, 0x06, 0xda, 0x52, 0x46, 0x22, 0x29,
    0xad, 0x1b, 0xa9, 0xf2, 0xb2, 0xe0, 0xbb, 0x15, 0xbb, 0xf0, 0x3d, 0x51,
    0xb2, 0x07, 0x27, 0x08, 0x7e, 0x1e, 0x31, 0xef, 0x01, 0xf5, 0x43, 0x6d,
    0x71, 0xe7, 0xba, 0x09, 0xbb, 0x45, 0xd7, 0xdf, 0x22, 0x59, 0x39, 0xd0,
    0xa6, 0x6d, 0x19, 0x99, 0x56, 0x89, 0xce, 0xcb, 0xd0, 0x44, 0x9b, 0x53,
    0xc1, 0xee, 0xbb, 0xd5, 0xba, 0x5b, 0xfd, 0x90, 0xc5, 0x4b, 0xff, 0x38,
    0x05, 0x22, 0xe0, 0x41, 0x54, 0x6e, 0x21, 0x19, 0x10, 0x62, 0x69, 0xdc,
    0x56, 0xe6, 0xff, 0x59, 0x28, 0xd8, 0x1e, 0x4e, 0xca, 0x0e, 0x56, 0x4b,
    0x3b, 0x23, 0x31, 0x2f, 0x7f, 0x2a, 0x2d, 0x4c, 0xfd, 0x3b, 0x53, 0x12,
    0x11, 0xc6, 0x88, 0xb2, 0x85, 0xe3, 0xb6, 0xbe, 0xcb, 0xd1, 0xe5, 0x30,
    0xed, 0xb5, 0x40, 0x4c, 0xb2, 0x30, 0xc1, 0xb9, 0xc7, 0x56, 0x5b, 0xca,
    0x78, 0x4a, 0x09, 0xdd, 0x4a, 0x55, 0xea, 0x0a, 0x53, 0x50, 0xdb, 0xc1,
    0x2a, 0xfc, 0xa3, 0xdc, 0xe7, 0xf5, 0xe2, 0xaf, 0xc7, 0x44, 0xb0, 0x58,
    0x7f, 0x32, 0xdd, 0xb2, 0x2f, 0xe8, 0x7b, 0x3e, 0x27, 0xc2, 0xe1, 0x0f,
    0x2f, 0x36, 0x0e, 0x29, 0xd4, 0xf3, 0xae, 0xd0, 0xa6, 0xbc, 0xaa, 0xe7,
    0xcc, 0xe1, 0xde, 0xed, 0xf2, 0xd4, 0xa8, 0xc5, 0x09, 0x03, 0x3e, 0x15,
    0xd6, 0x2d, 0x39, 0x19, 0x45, 0x1f, 0xc1, 0xf0, 0x4a, 0xe4, 0x48, 0xfd,
    0x22, 0xf8, 0x37, 0x17, 0xc0, 0xc0, 0x22, 0xf5, 0x41, 0x41, 0xfb, 0x10,
    0x19, 0xc4, 0x36, 0xf5, 0x27, 0x16, 0x33, 0xfc, 0x69, 0xcc, 0x05, 0x45,
    0x5c, 0xcf, 0xe6, 0x70, 0x53, 0x71, 0x46, 0xc7, 0xb5, 0x56, 0xbe, 0xb2,
    0x9f, 0xc4, 0xf2, 0xa1, 0x0f, 0xe5, 0x8d, 0xdf, 0xc8, 0x3a, 0xc9, 0x32,
    0xc7, 0x1d, 0xf0, 0x18, 0xf5, 0x40, 0xf3, 0x1d, 0xbb, 0xcf, 0x38, 0x33,
    0x2f, 0x00, 0xe6, 0x1b, 0xb0, 0xda, 0xeb, 0x4f, 0xf3, 0x15, 0xc1, 0x00,
    0x3b, 0x9d, 0xc9, 0x75, 0xd9, 0x1c, 0x85, 0x10, 0x2b, 0xb9, 0xf4, 0xbe,
    0x3a, 0x00, 0x7f, 0xd9, 0xc9, 0xc0, 0xd4, 0x84, 0x5e, 0xa4, 0x0c, 0x1c,
    0x33, 0x53, 0x05, 0x3a, 0x6a, 0x10, 0xc9, 0x53, 0x98, 0x04, 0xec, 0x3a,
    0x0e, 0x43, 0x1d, 0xed, 0xf6, 0x0f, 0x24, 0x1d, 0x3d, 0x1e, 0x0b, 0xa3,
    0x3e, 0xfb, 0x57, 0x3e, 0xca, 0x31, 0x01, 0x11, 0xe1, 0xcd, 0x2f, 0x71,
    0x47, 0xd9, 0x73, 0xdc, 0x67, 0xd6, 0x5f, 0xff, 0x55, 0xde, 0x0d, 0x4f,
    0x65, 0x4d, 0x41, 0xf6, 0x42, 0x52, 0xe3, 0x58, 0x2f, 0xbc, 0xeb, 0x1c,
    0x06, 0xd3, 0xc4, 0x9a, 0xc8, 0xcd, 0x31, 0xbe, 0x82, 0x1f, 0xb4, 0xbd,
    0x07, 0xd3, 0xd6, 0xb9, 0xcc, 0xa1, 0xca, 0xac, 0xa9, 0x1f, 0xaa, 0xfc,
    0x07, 0xf2, 0xe5, 0xd8, 0xaa, 0xdd, 0x43, 0x9d, 0x03, 0xcf, 0xea, 0xb3,
    0x27, 0xb9, 0xc2, 0xe5, 0xda, 0xbd, 0xae, 0x1c, 0x07, 0x10, 0xbb, 0xf7,
    0x09, 0xd1, 0x9d, 0xb4, 0xff, 0xb0, 0x2e, 0xa6, 0xb0, 0x11, 0xf4, 0xf0,
    0x30, 0x34, 0x90, 0x32, 0x4a, 0xdd, 0x2d, 0x4b, 0x25, 0xc1, 0xb1, 0x81,
    0xcb, 0x93, 0x00, 0x09, 0x35, 0xbd, 0xd0, 0xe3, 0xf1, 0xf1, 0xf7, 0xb6,
    0xb9, 0xce, 0xc6, 0xf6, 0x16, 0x90, 0x97, 0xf6, 0xef, 0xa2, 0x9e, 0xf2,
    0x0b, 0xb4, 0xb5, 0xf2, 0xca, 0x2e, 0xb5, 0x08, 0x9c, 0xdc, 0x49, 0x00,
    0xd6, 0x00, 0xef, 0xdb, 0xe5, 0x12, 0xda, 0x58, 0x38, 0x5f, 0xd7, 0x23,
    0x4b, 0x0f, 0x10, 0xa1, 0xd6, 0xda, 0x05, 0x89, 0xba, 0xc0, 0x19, 0xc1,
    0x47, 0x15, 0xd1, 0xb8, 0x0d, 0x38, 0x3c, 0xbe, 0x17, 0x0c, 0x2f, 0x2a,
    0xd6, 0xd8, 0x8a, 0x33, 0x1a, 0x2c, 0xb6, 0xfd, 0xa9, 0x10, 0x51, 0x1f,
    0x61, 0x4c, 0x00, 0xc0, 0x0d, 0x39, 0x28, 0xc4, 0x91, 0xa1, 0x40, 0xe3,
    0x32, 0xf2, 0xb6, 0xd5, 0xca, 0xc3, 0x3b, 0x5f, 0x6e, 0x92, 0x8b, 0x1c,
    0xb3, 0x39, 0x62, 0xff, 0x31, 0x62, 0x94, 0xa6, 0x88, 0xcb, 0x88, 0xdc,
    0xe8, 0x91, 0xc0, 0x07, 0x4e, 0x2c, 0xb7, 0xb8, 0xeb, 0xd8, 0xf2, 0x7b,
    0x7d, 0x29, 0x4f, 0x60, 0x6d, 0x2a, 0x24, 0xe0, 0x78, 0x64, 0x1e, 0xf7,
    0xba, 0x1d, 0xf8, 0x33, 0x25, 0x29, 0x58, 0x27, 0x9b, 0x0e, 0x95, 0x92,
    0xc7, 0xa3, 0xfe, 0x7e, 0x1f, 0x2a, 0x85, 0x78, 0xc1, 0xbe, 0x0e, 0x62,
    0xb8, 0x18, 0x17, 0xa0, 0xe5, 0x12, 0xe9, 0x54, 0xee, 0x7c, 0xb6, 0xf2,
    0x06, 0x8d, 0xf3, 0x1b, 0xfe, 0x91, 0xfa, 0x06, 0x3b, 0xaf, 0x97, 0xe2,
    0xc5, 0xfe, 0x27, 0xfd, 0x1c, 0xe6, 0xd2, 0x02, 0xb4, 0x55, 0xf9, 0xd7,
    0x86, 0x01, 0xc6, 0x47, 0x7a, 0x9a, 0xac, 0x76, 0xf6, 0xf2, 0x70, 0x7b,
    0x7e, 0x11, 0x7f, 0x89, 0x7d, 0xba, 0x45, 0x5d, 0xdb, 0x78, 0x71, 0xfb,
    0x7f, 0xc2, 0x18, 0x12, 0x29, 0x23, 0x7d, 0x31, 0xe6, 0x77, 0xe7, 0x1d,
    0xcc, 0xd6, 0x29, 0x14, 0x61, 0x5f, 0x62, 0x15, 0x33, 0xf2, 0x09, 0x39,
    0xdf, 0xcd, 0xc7, 0xd9, 0x96, 0x10, 0x62, 0x83, 0x3b, 0x8e, 0x45, 0x96,
    0x8f, 0xb4, 0x1b, 0xbc, 0xda, 0x1e, 0xe8, 0x50, 0xd7, 0x3e, 0x44, 0xd5,
    0x1e, 0xef, 0xe1, 0xf2, 0xf3, 0xe2, 0x3e, 0x36, 0x4f, 0xa0, 0x16, 0xe3,
    0x09, 0x38, 0xc2, 0x69, 0xcf, 0x6b, 0x5e, 0xb7, 0xb1, 0x13, 0x95, 0xe8,
    0x10, 0xf9, 0x2b, 0xd7, 0x19, 0x9e, 0x6f, 0xc7, 0x5f, 0x4f, 0x13, 0x2f,
    0x3e, 0x47, 0xbb, 0x13, 0x64, 0x4e, 0x08, 0xc6, 0x92, 0xc6, 0x93, 0xe6,
    0x94, 0x38, 0xdc, 0x45, 0xcf, 0x1e, 0xfe, 0xd4, 0xff, 0x2c, 0xce, 0x33,
    0xb5, 0xec, 0xf2, 0x4d, 0xcb, 0xc0, 0xa6, 0x07, 0xdf, 0xeb, 0xb8, 0xae,
    0x99, 0x98, 0x07, 0x5f, 0x0b, 0x5a, 0x9f, 0xc8, 0x07, 0xab, 0x23, 0xfb,
    0xd8, 0xd9, 0xfe, 0xba, 0x2f, 0x5a, 0x71, 0x48, 0xe9, 0x4b, 0xec, 0xcb,
    0x4f, 0x4f, 0x6f, 0xef, 0xff, 0xde, 0x09, 0xd2, 0x32, 0xbe, 0xbe, 0xef,
    0x05, 0x15, 0xc5, 0xdc, 0x11, 0xd0, 0x76, 0x5c, 0x70, 0xf4, 0xd2, 0x44,
    0x59, 0x36, 0x57, 0xbd, 0xbe, 0xeb, 0xc5, 0xc0, 0x67, 0xaa, 0x5d, 0x34,
    0x5d, 0x34, 0x22, 0x34, 0xf4, 0xf0, 0x37, 0xec, 0xed, 0x0b, 0x05, 0xd8,
    0xf9, 0xfb, 0x49, 0x4d, 0x61, 0xf8, 0x5d, 0xf6, 0x01, 0xda, 0xf2, 0x26,
    0xa4, 0xd8, 0xa0, 0x3e, 0x26, 0xf9, 0xba, 0x86, 0xa7, 0xf0, 0x3e, 0xc4,
    0x66, 0x00, 0xdc, 0xd4, 0xdd, 0x72, 0x42, 0xfb, 0x24, 0x68, 0xc3, 0xfb,
    0x3c, 0x23, 0x14, 0x5b, 0x05, 0xcc, 0xd4, 0xad, 0x20, 0x81, 0x25, 0x94,
    0xca, 0x14, 0x37, 0xe7, 0xec, 0xf0, 0x14, 0xaa, 0xad, 0xca, 0x2a, 0x91,
    0xd5, 0xbc, 0x32, 0x41, 0xfe, 0xf6, 0xcf, 0x7f, 0xfb, 0x93, 0x60, 0xd9,
    0xbf, 0x68, 0xc1, 0x70, 0x7b, 0xcc, 0x28, 0x0a, 0x5f, 0xbd, 0x97, 0xd3,
    0xcf, 0xf7, 0xcc, 0x64, 0x25, 0x4d, 0x5b, 0x31, 0x09, 0xa8, 0x0b, 0x6e,
    0xda, 0x5c, 0xf1, 0x3a, 0x1b, 0x6e, 0xc1, 0xfe, 0x4f, 0xea, 0xfe, 0xdf,
    0x0e, 0x9c, 0x01, 0x2b, 0xcb, 0xf2, 0x96, 0x54, 0x22, 0x11, 0x35, 0x24,
    0xda, 0xf3, 0x1a, 0xc3, 0x26, 0xc1, 0x36, 0xbd, 0xc5, 0x32, 0x57, 0x2e,
    0xdd, 0xe0, 0xb9, 0x5b, 0x4e, 0xec, 0xea, 0x07, 0x56, 0xf9, 0xc9, 0x3d,
    0x0b, 0xaf, 0x3b, 0x01, 0x41, 0xdd, 0xf4, 0xeb, 0x7d, 0x10, 0x04, 0xef,
    0xa1, 0xea, 0xb2, 0xbf, 0xe8, 0x21, 0x29, 0x61, 0x14, 0xd4, 0x64, 0x5d,
    0x19, 0x31, 0xb0, 0x30, 0xa6, 0x64, 0x40, 0x9a, 0xf8, 0xdb, 0xc1, 0x2b,
    0xd5, 0xd8, 0x9d, 0xc6, 0x2f, 0x3f, 0x49, 0xcf, 0xbb, 0x28, 0x1a, 0xcd,
    0x74, 0x2b, 0xa4, 0xdc, 0xc6, 0xa6, 0xdd, 0x81, 0xb4, 0xe8, 0xe8, 0x44,
    0x07, 0xa3, 0xfb, 0x42, 0x1c, 0x02, 0xd3, 0x66, 0xf0, 0x36, 0x8f, 0xa5,
    0xb0, 0xc2, 0xbd, 0x8f, 0x0a, 0xd8, 0xa0, 0x9a, 0x29, 0x23, 0xb3, 0x06,
    0xce, 0x2d, 0xcc, 0x1f, 0xe8, 0xc6, 0x39, 0x53, 0xc7, 0x3f, 0x2e, 0x26,
    0x1a, 0x06, 0x2a, 0xe9, 0xde, 0x12, 0x2c, 0x4b, 0xf8, 0xdf, 0xd9, 0xff,
    0x01, 0x45, 0xfb, 0xb8, 0x3a, 0x16, 0x18, 0x3f, 0x29, 0xfb, 0xc9, 0x21,
    0xd2, 0x0d, 0x52, 0x29, 0xc6, 0x28, 0x0a, 0x47, 0xa0, 0x9f, 0xd3, 0x19,
    0xb2, 0xd7, 0xd9, 0x9b, 0x4f, 0xbe, 0x2b, 0x7a, 0x58, 0x6e, 0x27, 0x25,
    0x11, 0xd7, 0x22, 0x69, 0x09, 0xef, 0x50, 0x24, 0x13, 0xd6, 0xeb, 0xbd,
    0xbd, 0xe5, 0xa7, 0xaa, 0xfc, 0xff, 0x02, 0xd6, 0xd3, 0x51, 0xad, 0x24,
    0x07, 0xe5, 0x0a, 0xa7, 0xd3, 0xfb, 0xec, 0xac, 0x76, 0xd2, 0x20, 0x2a,
    0xf9, 0xec, 0x91, 0xb6, 0xeb, 0x39, 0x13, 0x10, 0xf3, 0x0e, 0xb1, 0x27,
    0x67, 0x5c, 0xde, 0x46, 0x2c, 0xc2, 0xd2, 0x90, 0x40, 0xe9, 0xb2, 0xa5,
    0xb9, 0x9f, 0xd9, 0xa7, 0xbb, 0x5d, 0xfe, 0xe0, 0xf6, 0x31, 0x1f, 0x49,
    0x5e, 0x25, 0xe6, 0xd3, 0x23, 0xa9, 0x5c, 0x46, 0xfb, 0xfe, 0xe1, 0xce,
    0x17, 0x56, 0x45, 0xe2, 0x45, 0x0b, 0x53, 0x3d, 0x33, 0x50, 0x5c, 0xf1,
    0x63, 0x5e, 0xeb, 0x69, 0x38, 0x15, 0xc1, 0xcc, 0x03, 0xf4, 0xe4, 0xaf,
    0x26, 0x46, 0x3d, 0x0c, 0x07, 0xd2, 0x50, 0xf1, 0xe5, 0xc9, 0xee, 0xd6,
    0x7f, 0x1e, 0x62, 0x58, 0x21, 0x19, 0x0f, 0x23, 0x32, 0x13, 0xf9, 0x49,
    0x1c, 0x32, 0xd1, 0xeb, 0xef, 0xca, 0x0b, 0x3f, 0xde, 0x34, 0xf0, 0xdf,
    0x36, 0x1f, 0xab, 0xb6, 0x9b, 0x2b, 0xef, 0xa3, 0xde, 0xa0, 0xd7, 0x3f,
    0x2b, 0x2c, 0x11, 0xfa, 0xb0, 0x48, 0xd3, 0x39, 0xeb, 0xc8, 0x40, 0xcb,
    0x67, 0xcd, 0x29, 0x0d, 0x58, 0xb9, 0x76, 0xaf, 0x8e, 0xa4, 0xd9, 0x52,
    0xab, 0xf7, 0x30, 0x06, 0x45, 0x8c, 0x5c, 0xf0, 0xc1, 0xba, 0x0a, 0x06,
    0xf5, 0xc4, 0xb0, 0x35, 0xd1, 0xf7, 0xb3, 0xa3, 0x36, 0x9e, 0x8d, 0x97,
    0x98, 0x8f, 0xb5, 0xf4, 0x40, 0x43, 0x26, 0x02, 0x69, 0xc8, 0x51, 0x40,
    0x5c, 0x31, 0xba, 0x54, 0x70, 0x51, 0xa3, 0x25, 0x39, 0x41, 0x76, 0x68,
    0x05, 0xc8, 0x61, 0x1d, 0x43, 0xba, 0xc7, 0xf5, 0xc4, 0xca, 0xbf, 0xcb,
    0xe7, 0x1e, 0xc0, 0xa3, 0xa4, 0xea, 0x1b, 0xdc, 0xf4, 0x3e, 0xe0, 0x59,
    0x63, 0x48, 0x54, 0xd4, 0x4b, 0x4f, 0x07, 0xe0, 0x0e, 0xcd, 0xc3, 0x9b,
    0xee, 0x49, 0xf7, 0xc0, 0xbd, 0x9b, 0x39, 0xad, 0xa4, 0x81, 0xce, 0xa0,
    0x89, 0x99, 0x3e, 0x48, 0xa0, 0xe8, 0xe8, 0xb9, 0xa0, 0x46, 0x34, 0xed,
    0x59, 0xb3, 0xbb, 0x44, 0xe7, 0xf2, 0xa6, 0xe0, 0xfe, 0x10, 0x9e, 0xc8,
    0xa6, 0x07, 0x16, 0x99, 0xda, 0x49, 0x03, 0x2a, 0x46, 0x07, 0xe1, 0xde,
    0xd6, 0x1f, 0x85, 0x2c, 0x88, 0x57, 0xb8, 0x4d, 0x16, 0xc4, 0x1b, 0x02,
    0xe2, 0x08, 0x9e, 0x43, 0x19, 0x2e, 0x42, 0x1c, 0x06, 0xb6, 0x3e, 0xf6,
    0xed, 0x25, 0x20, 0xe8, 0xca, 0x8e, 0x35, 0x37, 0x3b, 0x1e, 0x40, 0xa5,
    0x60, 0xf4, 0xc6, 0x44, 0xc0, 0x9a, 0xdb, 0x28, 0x6d, 0x55, 0x22, 0x03,
    0x24, 0xf7, 0x69, 0xe0, 0xc7, 0x4e, 0xbe, 0x26, 0x75, 0x3a, 0x0b, 0xe2,
    0x23, 0x6a, 0xf8, 0x57, 0xb3, 0xd0, 0x45, 0xdf, 0x07, 0xc0, 0x2a, 0x4a,
    0x7f, 0x7c, 0x4b, 0xf1, 0xda, 0xe0, 0xa0, 0x58, 0xb8, 0x28, 0x2f, 0x24,
    0x17, 0x5d, 0xe2, 0xbd, 0xc4, 0x70, 0x49, 0x46, 0x1e, 0xab, 0x55, 0xb4,
    0xd9, 0xc3, 0xcd, 0x1a, 0xef, 0x62, 0x41, 0xc3, 0xda, 0xc3, 0x36, 0xd0,
    0xf3, 0xed, 0x09, 0xa6, 0x12, 0x00, 0x07, 0x4c, 0xd4, 0x33, 0x23, 0x0d,
    0x2c, 0xa4, 0x1c, 0xf1, 0xa6, 0xb4, 0xf9, 0xc0, 0xd9, 0xab, 0xaf, 0x22,
    0xe0, 0x10, 0xe4, 0xd5, 0xec, 0x3a, 0xe2, 0x22, 0xb3, 0x89, 0x27, 0x18,
    0x4e, 0xb9, 0xcd, 0xeb, 0xd8, 0x0f, 0x9d, 0x04, 0x31, 0x1b, 0x86, 0xa3,
    0x50, 0xe6, 0xb8, 0x11, 0x56, 0x99, 0x2c, 0x37, 0x26, 0x37, 0xd5, 0x5c,
    0xfe, 0xef, 0x57, 0x40, 0x00, 0x3d, 0x1e, 0x0a, 0x6d, 0x3d, 0x92, 0xaf,
    0xc0, 0xe5, 0x18, 0x2c, 0x81, 0x82, 0xc3, 0x16, 0xf6, 0x9a, 0x24, 0x8c,
    0xb3, 0x44, 0x7e, 0x14, 0x5a, 0xca, 0x17, 0x00, 0xeb, 0xdb, 0xfe, 0x53,
    0x67, 0x60, 0xf4, 0xde, 0xe6, 0x3c, 0x21, 0xea, 0x41, 0x21, 0x3e, 0xcb,
    0xd8, 0xf2, 0x85, 0x90, 0x40, 0x91, 0xe5, 0xb3, 0xda, 0xf2, 0xf6, 0x4d,
    0x1b, 0xa1, 0x13, 0xd3, 0xe2, 0x38, 0xe2, 0xf1, 0xfc, 0x22, 0x55, 0x4e,
    0x70, 0x1f, 0xde, 0xff, 0x14, 0x51, 0x53, 0x03, 0x34, 0x04, 0x13, 0x0a,
    0xc1, 0x3b, 0x9a, 0x56, 0x0f, 0x13, 0xbe, 0xd0, 0x6b, 0x39, 0x36, 0x47,
    0xe3, 0x58, 0x7f, 0x0a, 0x3e, 0x47, 0x26, 0xf9, 0xbc, 0x64, 0xe0, 0x0e,
    0x63, 0x18, 0x17, 0x29, 0x1b, 0x4a, 0x4f, 0xfa, 0x6d, 0x5d, 0x4d, 0x6c,
    0x1a, 0x5a, 0x3a, 0xc8, 0x57, 0x2d, 0xd0, 0x25, 0xce, 0x20, 0x5d, 0x4c,
    0xa9, 0x74, 0xe9, 0x2e, 0x08, 0xfb, 0xb6, 0x10, 0x9c, 0xb6, 0xb2, 0x29,
    0xb6, 0xdf, 0xf2, 0xdc, 0x90, 0xdd, 0x4a, 0xe2, 0x7b, 0xac, 0x68, 0xfd,
    0x07, 0x01, 0xcc, 0x09, 0x22, 0xcc, 0x0c, 0xfc, 0x2d, 0x50, 0x0f, 0xfa,
    0x24, 0x4a, 0xcd, 0x0a, 0xed, 0xf7, 0xc2, 0x47, 0x9e, 0x9f, 0x01, 0x33,
    0x8f, 0x1a, 0x3a, 0x4e, 0x45, 0x42, 0x0f, 0xb3, 0xf5, 0x07, 0x49, 0x9b,
    0xe5, 0x98, 0x0c, 0x20, 0x36, 0x8d, 0xb8, 0x23, 0xd8, 0xc3, 0xe9, 0xe4,
    0x66, 0x2c, 0x56, 0xb7, 0xd0, 0x39, 0x94, 0x1e, 0xe5, 0xfa, 0x03, 0x6d,
    0x5c, 0x5c, 0x37, 0xf2, 0x7f, 0x3a, 0x71, 0x61, 0x42, 0x6e, 0xfd, 0x62,
    0x06, 0x29, 0x41, 0x24, 0x30, 0x33, 0x6c, 0x28, 0xb3, 0xde, 0xcf, 0xfd,
    0x25, 0xd3, 0x63, 0x3b, 0x54, 0x60, 0xcd, 0x0e, 0xba, 0x4d, 0x20, 0xca,
    0x36, 0xe8, 0x15, 0xb5, 0x09, 0xce, 0x48, 0xfc, 0x0b, 0xfc, 0x11, 0x34,
    0x21, 0xf7, 0xfa, 0xed, 0xcf, 0xc8, 0x2e, 0x0d, 0x38, 0xc3, 0xb5, 0x5c,
    0x51, 0x26, 0x72, 0x41, 0xdf, 0x16, 0x79, 0xfb, 0x54, 0x65, 0x52, 0x4d,
    0x33, 0x09, 0xcb, 0xfa, 0x73, 0xc1, 0x57, 0x6c, 0xec, 0xfc, 0xee, 0x24,
    0x24, 0x37, 0xfe, 0xa5, 0x3f, 0x37, 0x02, 0x26, 0x41, 0xd0, 0xe5, 0x40,
    0xfd, 0x93, 0x22, 0x2b, 0xcb, 0xd5, 0x0d, 0x96, 0xe8, 0x3b, 0x1b, 0x31,
    0xe2, 0x92, 0x3b, 0xa7, 0xa5, 0xfa, 0xe6, 0x2e, 0x14, 0xb2, 0xd8, 0x3d,
    0x21, 0xe4, 0xcc, 0xe7, 0x51, 0xe6, 0x02, 0xf8, 0xfa, 0x8c, 0xb0, 0x11,
    0xbd, 0xb2, 0x08, 0x35, 0xcd, 0x27, 0x9f, 0xc2, 0x8c, 0xe1, 0x9c, 0xbf,
    0x00, 0xf3, 0xa7, 0x17, 0x03, 0x94, 0xb8, 0x41, 0xa9, 0xbd, 0x81, 0xc3,
    0xe6, 0x4e, 0x2d, 0xe6, 0x91, 0xa4, 0x21, 0xa0, 0x35, 0x61, 0xdc, 0xbe,
    0x9e, 0x08, 0x4c, 0x2d, 0x38, 0x34, 0x49, 0x1d, 0x7e, 0x67, 0x13, 0x23,
    0x91, 0x3f, 0x8e, 0x3e, 0x57, 0xc3, 0x45, 0xe7, 0xf9, 0xfe, 0xa4, 0xd0,
    0x09, 0xda, 0x10, 0x3c, 0x33, 0xf9, 0x4b, 0x14, 0xd5, 0x05, 0xb8, 0x2d,
    0xbb, 0x9c, 0x08, 0x34, 0xc3, 0x9e, 0x3e, 0xa6, 0x34, 0x1a, 0xc2, 0x23,
    0x03, 0xd4, 0xc4, 0xbb, 0xa2, 0xd0, 0xc1, 0x09, 0x12, 0xc7, 0xfc, 0x34,
    0x00, 0xd5, 0xef, 0xa2, 0xbc, 0x00, 0x55, 0xae, 0x65, 0xd8, 0xd8, 0xf6,
    0x91, 0x64, 0xe6, 0xb1, 0xb7, 0xc2, 0xf8, 0x19, 0x14, 0xc2, 0x12, 0xe7,
    0x12, 0x10, 0xac, 0x15, 0x93, 0x65, 0x43, 0x33, 0x59, 0x3a, 0x43, 0xa5,
    0x2b, 0xb8, 0x9b, 0x47, 0xfa, 0x6a, 0x49, 0x2c, 0x9b, 0x6f, 0x2b, 0x3b,
    0xea, 0xd9, 0x25, 0xd4, 0xf9, 0xa9, 0x14, 0x41, 0xb0, 0xd1, 0x30, 0xc5,
    0x96, 0xf5, 0x3d, 0xd7, 0xb1, 0xc0, 0x21, 0x3c, 0xc8, 0x0f, 0x1a, 0xcf,
    0x99, 0x4c, 0x08, 0xc7, 0xeb, 0xdd, 0xda, 0x0b, 0xf6, 0x20, 0xe7, 0x2e,
    0x5f, 0xbb, 0xec, 0x73, 0x62, 0xf7, 0xa4, 0x21, 0x10, 0xf9, 0x1f, 0x94,
    0x30, 0x52, 0x79, 0xbb, 0xd3, 0x4c, 0x09, 0x4d, 0xd1, 0x15, 0x75, 0xe8,
    0x6c, 0xfe, 0xe5, 0xf4, 0x13, 0xdd, 0x33, 0x20, 0x01, 0x18, 0x38, 0xaa,
    0xed, 0xf2, 0x91, 0x6c, 0x7f, 0x9d, 0x64, 0x42, 0xa9, 0x63, 0x91, 0x56,
    0x18, 0x30, 0x47, 0xce, 0x5d, 0x66, 0x63, 0x64, 0xb5, 0xab, 0xf5, 0xaf,
    0x3f, 0xb7, 0xdd, 0xf4, 0x27, 0xff, 0xca, 0xaf, 0x37, 0xf6, 0x7d, 0x23,
    0xac, 0xfb, 0xa6, 0xf7, 0x20, 0x15, 0x81, 0xa8, 0x1b, 0xe3, 0x0a, 0xd2,
    0x44, 0x09, 0x2f, 0x0f, 0xc1, 0x93, 0xf2, 0x5a, 0xe1, 0x19, 0xe1, 0xd8,
    0x89, 0xd0, 0xad, 0x19, 0xde, 0xe8, 0x4e, 0xdb, 0xd5, 0x3b, 0xe1, 0x2c,
    0xec, 0x42, 0x97, 0x00, 0x14, 0xc3, 0xcb, 0x2d, 0xc0, 0xbd, 0xea, 0xc6,
    0x4a, 0x05, 0x0e, 0xc1, 0xff, 0x9d, 0x45, 0xa0, 0xc3, 0x2c, 0x3b, 0x20,
    0x9b, 0xd4, 0x2e, 0xb2, 0xc5, 0x05, 0xa0, 0x33, 0xd6, 0x23, 0x90, 0x3c,
    0x1f, 0x09, 0x1f, 0x37, 0xae, 0xfe, 0xbc, 0x9c, 0xd3, 0x26, 0x31, 0xe9,
    0xcb, 0x18, 0xe7, 0x93, 0x43, 0x9f, 0xf4, 0xe3, 0xc4, 0x95, 0xf9, 0x07,
    0x5e, 0x5b, 0x55, 0xc7, 0x40, 0x1d, 0xbc, 0x42, 0xaf, 0x0b, 0x37, 0xd2,
    0x18, 0x0e, 0x52, 0x11, 0x5e, 0x31, 0xee, 0xfd, 0x77, 0x26, 0xaa, 0x30,
    0x49, 0x26, 0xbb, 0xe2, 0x21, 0x0c, 0xe7, 0xc1, 0x22, 0xb3, 0xd7, 0x3d,
    0xd0, 0x07, 0x7f, 0x00, 0xe7, 0xdf, 0x27, 0x31, 0xf4, 0x28, 0xb8, 0xc3,
    0xb1, 0x12, 0x91, 0xf9, 0x21, 0xc6, 0x02, 0x20, 0xbf, 0x33, 0xe8, 0xe9,
    0x42, 0xd0, 0xec, 0xc7, 0x13, 0x41, 0x31, 0xb1, 0xb0, 0xda, 0x8f, 0xf8,
    0x24, 0xcf, 0x77, 0x2a, 0x4d, 0xde, 0x4c, 0xb8, 0xfd, 0xcc, 0xed, 0xb9,
    0xd3, 0xb3, 0xbf, 0x02, 0xc7, 0xc0, 0xe6, 0xca, 0x1a, 0xda, 0xf9, 0xff,
    0x6c, 0xd2, 0xe1, 0x54, 0x23, 0x4b, 0x14, 0xd0, 0xff, 0xbf, 0xc4, 0xd1,
    0xed, 0xd6, 0x15, 0x05, 0xf3, 0x13, 0xc2, 0x50, 0x32, 0x44, 0x17, 0xcf,
    0xe5, 0xeb, 0x33, 0xb2, 0xae, 0x02, 0xdf, 0x32, 0x47, 0x09, 0xc7, 0xc4,
    0x35, 0x08, 0xf7, 0xbe, 0x18, 0xb9, 0x3b, 0xcc, 0x27, 0x56, 0x12, 0x11,
    0xf2, 0x0a, 0x02, 0xee, 0x25, 0xce, 0xce, 0x66, 0xf1, 0x04, 0xcc, 0x15,
    0xae, 0x15, 0xf4, 0xfa, 0x81, 0xb8, 0xa5, 0xed, 0x09, 0x10, 0xdb, 0x2a,
    0xe4, 0xec, 0xd9, 0xd9, 0x2a, 0x88, 0xb2, 0x44, 0x83, 0xf0, 0xa0, 0x58,
    0xfb, 0x28, 0x9a, 0xba, 0xe8, 0x6e, 0x76, 0x18, 0x42, 0x74, 0x44, 0x3e,
    0xe9, 0x18, 0x3a, 0x4d, 0xee, 0x0c, 0xe9, 0xea, 0x3b, 0xad, 0x08, 0xf0,
    0x1e, 0xcc, 0x1c, 0xbe, 0x07, 0x2a, 0x4d, 0x28, 0x36, 0x60, 0x3b, 0x73,
    0x2d, 0x05, 0x1b, 0xbf, 0x79, 0xd9, 0x3d, 0x49, 0x52, 0x20, 0xbb, 0x4e,
    0xf0, 0xd8, 0x05, 0x50, 0x1f, 0x2f, 0x22, 0x11, 0x9d, 0x04, 0xec, 0xf0,
    0xc6, 0xb0, 0x14, 0x35, 0xe5, 0x2e, 0x0d, 0xd0, 0xbe, 0x04, 0xbc, 0xdd,
    0xda, 0x31, 0xfb, 0x6b, 0xfe, 0x03, 0x11, 0xd4, 0x55, 0x08, 0x36, 0x4c,
    0xc2, 0x48, 0x1b, 0xf1, 0x7f, 0xb7, 0x17, 0x44, 0xe5, 0x26, 0xcf, 0xd7,
    0x65, 0xdd, 0x1a, 0x00, 0x7b, 0xff, 0xc5, 0x28, 0x13, 0x3a, 0xcd, 0xba,
    0x5f, 0x38, 0x0b, 0x3b, 0x0a, 0x62, 0xf8, 0x70, 0x64, 0xe8, 0x2e, 0x10,
    0x22, 0x01, 0x45, 0xfc, 0xd6, 0x13, 0x1e, 0x22, 0x0d, 0xdf, 0x2f, 0x41,
    0xe4, 0x34, 0xd7, 0x18, 0x31, 0x64, 0xc2, 0xc8, 0x12, 0xce, 0x39, 0xd5,
    0x06, 0xd4, 0x0a, 0x05, 0xdc, 0x0e, 0x10, 0xf1, 0x1d, 0x51, 0xf5, 0x5c,
    0xd3, 0x42, 0x1d, 0xfc, 0x65, 0x19, 0x02, 0x2a, 0xf3, 0x30, 0x5d, 0xcf,
    0x3d, 0x59, 0xf0, 0xe9, 0x64, 0x3d, 0xe6, 0x39, 0xe7, 0xd2, 0x07, 0xf5,
    0x43, 0x4e, 0x4f, 0xf9, 0x26, 0x3b, 0xf1, 0x0e, 0xde, 0xb9, 0xd5, 0xe1,
    0x16, 0x08, 0xbc, 0xb8, 0xd9, 0xd7, 0x15, 0x62, 0x02, 0x62, 0xc3, 0x5e,
    0x4d, 0xfd, 0xd2, 0xc1, 0x46, 0xca, 0xe1, 0x11, 0xe5, 0x08, 0x23, 0x02,
    0x0e, 0x4f, 0xd6, 0x59, 0x2e, 0x2a, 0xb9, 0xdc, 0xbb, 0x21, 0xd5, 0xca,
    0x8a, 0xdb, 0xa5, 0x5b, 0xda, 0x1c, 0x32, 0xfc, 0x60, 0x26, 0xe0, 0x45,
    0x20, 0x17, 0x28, 0x14, 0x10, 0x27, 0x59, 0x2e, 0x15, 0xcc, 0xf9, 0xa2,
    0xea, 0x6e, 0x6a, 0xa0, 0xd1, 0x05, 0x1a, 0x0d, 0x4e, 0x30, 0xce, 0xe7,
    0x62, 0x0e, 0xe0, 0xc1, 0x2b, 0xbf, 0x23, 0xfb, 0x32, 0x21, 0xdb, 0x0c,
    0x09, 0x52, 0x21, 0xe2, 0x2b, 0xc7, 0x14, 0x5c, 0x21, 0xa0, 0xfa, 0x2e,
    0x2c, 0x30, 0xc7, 0xee, 0xb2, 0xb4, 0xff, 0xc6, 0x41, 0xb7, 0x22, 0x1c,
    0xa6, 0x2f, 0x81, 0x2f, 0xdf, 0xcf, 0xb7, 0xb0, 0x9a, 0x11, 0xbc, 0xc3,
    0x9b, 0xe9, 0xe8, 0x3d, 0x25, 0xf6, 0x2b, 0xbe, 0xb5, 0xcc, 0x07, 0x22,
    0x97, 0xa8, 0xca, 0xab, 0x2d, 0x99, 0xac, 0x1e, 0xac, 0xfd, 0xa2, 0xb1,
    0xf5, 0xa6, 0x30, 0xf5, 0xa1, 0x25, 0x0f, 0x25, 0xe7, 0x39, 0xcf, 0x58,
    0x51, 0xe6, 0xf2, 0x5d, 0xc6, 0x1e, 0xfe, 0xe9, 0x13, 0xf7, 0xc8, 0xe6,
    0xa7, 0xd6, 0xbf, 0x7f, 0x06, 0x4f, 0x58, 0x15, 0x1c, 0x3f, 0x08, 0xbf,
    0x45, 0xd3, 0xf4, 0x67, 0xe0, 0x5e, 0x63, 0x50, 0x29, 0xd5, 0x22, 0x60,
    0xbd, 0xc9, 0x1c, 0xbd, 0x46, 0xca, 0x6c, 0x3a, 0x63, 0x42, 0x53, 0x19,
    0x45, 0xf4, 0x5b, 0xd4, 0x38, 0x04, 0x44, 0x45, 0x46, 0x52, 0x37, 0x17,
    0xdb, 0x5c, 0x0c, 0xbc, 0x50, 0xaf, 0x27, 0x1f, 0x12, 0xb0, 0x13, 0x3a,
    0xe6, 0xc6, 0x02, 0xe6, 0xc6, 0xe8, 0xc9, 0x16, 0xbc, 0x3c, 0xe1, 0x1a,
    0x88, 0x8e, 0xb8, 0xa7, 0x30, 0x26, 0x82, 0xf6, 0x9c, 0xaf, 0x46, 0x2f,
    0x0f, 0xa0, 0x27, 0xe1, 0xbe, 0x2e, 0xf1, 0x10, 0x13, 0xe7, 0x1a, 0xa7,
    0xbb, 0xb6, 0xd6, 0x1e, 0xe1, 0xfb, 0xed, 0x0a, 0xe0, 0x1c, 0x39, 0x2e,
    0x58, 0x35, 0xcb, 0x1b, 0xe1, 0x8a, 0x02, 0x62, 0xb3, 0x57, 0x42, 0xa6,
    0x08, 0xc2, 0x8b, 0x7f, 0xa3, 0xa7, 0x64, 0x5c, 0x32, 0xd7, 0x2a, 0xe6,
    0x1b, 0x01, 0xae, 0x6e, 0xfa, 0x5b, 0x62, 0xc1, 0xc7, 0x40, 0xc8, 0xda,
    0xfa, 0xd9, 0x15, 0x7c, 0x27, 0xdd, 0xba, 0x9e, 0xd1, 0x59, 0x0d, 0x62,
    0x82, 0x05, 0x7d, 0x03, 0x83, 0xb5, 0x85, 0xe7, 0xc6, 0x5b, 0x82, 0x52,
    0xc1, 0x22, 0x50, 0x15, 0xa6, 0xe2, 0xa2, 0x22, 0x54, 0x1e, 0x24, 0xe1,
    0xa5, 0xe9, 0x2e, 0x6f, 0x5f, 0xc3, 0xfc, 0x35, 0xe3, 0xe4, 0xff, 0xc6,
    0x94, 0x7b, 0xc6, 0xbf, 0x7e, 0xfb, 0xbb, 0x44, 0x40, 0xdd, 0x53, 0x75,
    0x3a, 0xea, 0x23, 0x3c, 0x78, 0x68, 0x45, 0xb5, 0x68, 0x8e, 0x20, 0x9e,
    0x93, 0x25, 0xf0, 0x96, 0x31, 0x6b, 0xa9, 0xba, 0xf9, 0xb6, 0x6d, 0x79,
    0x50, 0x76, 0xef, 0xc6, 0x64, 0x7d, 0x0f, 0x43, 0xb5, 0x00, 0x38, 0xcd,
    0x19, 0xf6, 0x24, 0x0d, 0x0a, 0x55, 0x19, 0x4b, 0x17, 0x3f, 0xdf, 0x61,
    0x29, 0x5d, 0xe2, 0x06, 0x26, 0xfc, 0x05, 0xc9, 0x1b, 0xe4, 0x51, 0x7c,
    0xc3, 0xd4, 0x0a, 0x70, 0xd0, 0x00, 0x3b, 0xbc, 0x04, 0x13, 0x17, 0x28,
    0x06, 0xdb, 0x7f, 0x7a, 0xa0, 0xbd, 0x49, 0x6d, 0x53, 0xe7, 0x17, 0xc4,
    0x2d, 0x16, 0xcd, 0x31, 0x4e, 0xe8, 0x7b, 0x05, 0xfc, 0x1d, 0x07, 0xd6,
    0xfc, 0xac, 0x3b, 0x36, 0xd0, 0x70, 0xcb, 0x06, 0x56, 0x7b, 0x7f, 0xd4,
    0x75, 0x2c, 0xf0, 0x1b, 0x1e, 0x01, 0xbd, 0xaa, 0xd4, 0x65, 0x64, 0xc3,
    0x2d, 0xe4, 0xb6, 0x25, 0xb7, 0x0c, 0xb7, 0x13, 0xf3, 0xa5, 0xbd, 0x1b,
    0xd0, 0x24, 0xce, 0x02, 0x6e, 0xba, 0xb1, 0x5f, 0x17, 0xe6, 0xb2, 0x97,
    0xa2, 0x12, 0x54, 0x33, 0xb3, 0xbc, 0x61, 0xcc, 0x49, 0xb0, 0x02, 0xc6,
    0x24, 0xfe, 0x2b, 0xff, 0x12, 0x3f, 0x54, 0x29, 0xd1, 0x00, 0xc5, 0x4c,
    0x6a, 0x2b, 0x21, 0x4e, 0x82, 0xee, 0xf3, 0xa6, 0xba, 0x0d, 0x58, 0x90,
    0xd1, 0x30, 0x5f, 0x60, 0x59, 0x26, 0xc4, 0x01, 0xee, 0xe5, 0xa8, 0xb3,
    0xb1, 0x9a, 0xc7, 0xc1, 0x6e, 0xd0, 0x42, 0xdb, 0x9a, 0xd7, 0x32, 0x44,
    0x23, 0x14, 0x5a, 0xaf, 0x1f, 0xe8, 0xa3, 0x39, 0xba, 0xeb, 0x49, 0x10,
    0xf7, 0xf8, 0xe6, 0x40, 0xee, 0xc6, 0xd7, 0xc7, 0x42, 0x73, 0x70, 0xf5,
    0x1d, 0x1d, 0x79, 0x67, 0x73, 0x75, 0xc0, 0xb5, 0x4e, 0xfe, 0x42, 0xef,
    0xce, 0x81, 0x8b, 0x01, 0xca, 0x2a, 0xb6, 0x06, 0xca, 0x31, 0xa1, 0xcb,
    0x42, 0x83, 0x10, 0xca, 0x11, 0x6a, 0x8e, 0x0b, 0x2f, 0x9d, 0xe2, 0x27,
    0xe1, 0x0d, 0xaf, 0x24, 0xb4, 0x84, 0x41, 0xc7, 0xd9, 0xfb, 0x4c, 0xf5,
    0xe9, 0x95, 0x42, 0xed, 0xe0, 0xfb, 0xf6, 0xe2, 0x55, 0x02, 0xe8, 0x57,
    0x18, 0x46, 0xc9, 0xd9, 0x06, 0xe6, 0x57, 0xd6, 0x5f, 0x49, 0xcd, 0x55,
    0x0d, 0xc5, 0x63, 0x56, 0x55, 0x81, 0x7b, 0x33, 0x2d, 0xeb, 0x13, 0x47,
    0x97, 0xde, 0xf7, 0x40, 0x21, 0xe6, 0xf9, 0x26, 0x17, 0xd3, 0x06, 0x45,
    0x6e, 0x05, 0x2c, 0x64, 0xae, 0xeb, 0xe7, 0x14, 0x98, 0xb6, 0x50, 0xa3,
    0xb1, 0xc6, 0x07, 0xf2, 0x0f, 0x19, 0xd0, 0xda, 0xe9, 0x6c, 0xfb, 0xee,
    0x71, 0x05, 0x2f, 0x54, 0xd2, 0xe9, 0x20, 0xca, 0xf4, 0x4c, 0x00, 0xeb,
    0xe8, 0x18, 0x75, 0x58, 0x29, 0x0d, 0xfd, 0xb0, 0x0f, 0xba, 0x1c, 0xad,
    0x47, 0x04, 0xdd, 0x14, 0x3f, 0x68, 0x59, 0x77, 0x0b, 0xcd, 0x0b, 0x60,
    0x3a, 0x2b, 0x57, 0x62, 0x4d, 0xfc, 0xce, 0xe7, 0x54, 0xe3, 0x6b, 0x42,
    0xe3, 0xf4, 0x26, 0x33, 0xe7, 0x3f, 0x36, 0x6a, 0x38, 0x22, 0x34, 0xe1,
    0xd7, 0xb6, 0xc7, 0x61, 0x04, 0x05, 0x4b, 0xb2, 0xc0, 0x51, 0x2b, 0x40,
    0x24, 0x2f, 0xb6, 0xd2, 0x91, 0xb6, 0x00, 0x4f, 0x31, 0xb1, 0xf9, 0x6a,
    0xd6, 0x25, 0x5a, 0x30, 0xd2, 0x64, 0x46, 0x4c, 0xf9, 0xc8, 0x44, 0x40,
    0x45, 0xbf, 0xcb, 0x3a, 0xd7, 0x5c, 0x14, 0x8f, 0x8f, 0xb1, 0xc2, 0xfe,
    0xff, 0x95, 0xe1, 0x3c, 0xe0, 0x92, 0x17, 0x12, 0x2d, 0x29, 0xa8, 0xd0,
    0xbf, 0xf6, 0xc4, 0xe7, 0x43, 0xe0, 0x53, 0x49, 0x81, 0xe7, 0xc9, 0xc8,
    0xad, 0x88, 0xb1, 0xad, 0xfe, 0x81, 0x46, 0xb1, 0x99, 0x0e, 0x69, 0x71,
    0x9b, 0x6c, 0x18, 0x6c, 0xb0, 0x13, 0xae, 0x21, 0xa7, 0x36, 0x27, 0x5c,
    0xd9, 0xc0, 0xc5, 0xee, 0xa2, 0xab, 0xe6, 0xa7, 0xc9, 0xeb, 0xfa, 0x03,
    0xc8, 0xd5, 0x83, 0x84, 0x11, 0x4e, 0x3a, 0xc9, 0x07, 0xf2, 0x37, 0xd6,
    0x56, 0x14, 0xdc, 0x28, 0xb5, 0x88, 0xfb, 0x52, 0x4f, 0x08, 0xd5, 0xfd,
    0xea, 0x4b, 0xa0, 0xb0, 0x81, 0xe0, 0x48, 0xff, 0x54, 0x06, 0x62, 0x16,
    0x64, 0x41, 0xeb, 0x1f, 0x59, 0x2f, 0x59, 0xd5, 0xe8, 0xf8, 0xd8, 0x05,
    0x22, 0xea, 0xd7, 0xd2, 0x10, 0xda, 0x53, 0x71, 0xf4, 0x4d, 0x5b, 0x4a,
    0xce, 0xf0, 0xae, 0xf1, 0xbe, 0x54, 0xef, 0x31, 0xa1, 0x90, 0xea, 0xd4,
    0x19, 0x3d, 0xc6, 0xce, 0xf8, 0xc8, 0x17, 0xd4, 0x51, 0xfe, 0x08, 0xc4,
    0x1d, 0x31, 0x05, 0x4c, 0x0d, 0xcc, 0x3a, 0xf2, 0x00, 0x52, 0x38, 0xfb,
    0xa8, 0xd4, 0x50, 0x13, 0xef, 0x9d, 0x9c, 0xdd, 0x40, 0x98, 0xf3, 0xbc,
    0xf5, 0xaa, 0xa4, 0x58, 0xbf, 0xd1, 0xb7, 0xca, 0x18, 0x16, 0x8f, 0xa6,
    0xd7, 0x19, 0x41, 0xa7, 0xc0, 0x14, 0x1b, 0xe7, 0xa1, 0x28, 0xe1, 0xcd,
    0x11, 0xd4, 0xbc, 0xaa, 0x3d, 0x28, 0x18, 0xbc, 0x28, 0xd7, 0xf2, 0xc3,
    0x9f, 0x44, 0xf6, 0x2c, 0xea, 0xd8, 0xc6, 0x5a, 0x00, 0x33, 0xdc, 0xb9,
    0x95, 0x90, 0xb5, 0xf1, 0x34, 0x88, 0x4f, 0x28, 0xdd, 0x19, 0x07, 0xf3,
    0x69, 0xdf, 0x9b, 0x25, 0xcd, 0xcc, 0x2c, 0x2a, 0xf9, 0xc0, 0x1f, 0xcc,
    0xce, 0x2e, 0x1a, 0x13, 0x1b, 0xe2, 0xfa, 0x9e, 0x07, 0x91, 0x16, 0xe8,
    0xd4, 0xfd, 0x08, 0xd2, 0x8b, 0x27, 0x84, 0x81, 0x04, 0x1b, 0xf2, 0xb9,
    0x3f, 0x43, 0xe2, 0x12, 0xe9, 0xb7, 0x6e, 0x11, 0x4f, 0xfa, 0x46, 0x01,
    0x7a, 0x53, 0x34, 0xd7, 0xcf, 0xd3, 0x6d, 0x38, 0xe1, 0x6d, 0x67, 0x79,
    0x29, 0xed, 0x67, 0x38, 0x01, 0xe2, 0xd2, 0x0a, 0x32, 0xd5, 0xe2, 0x39,
    0xe0, 0xcc, 0xa9, 0x3d, 0xe9, 0xbf, 0x3c, 0x49, 0x37, 0xcf, 0xd0, 0xd8,
    0x3e, 0xe6, 0xbc, 0xa2, 0xa3, 0xb1, 0x1c, 0x12, 0xd5, 0x47, 0xfd, 0x07,
    0xe5, 0x46, 0x24, 0xd3, 0xbc, 0xb2, 0x9c, 0x17, 0x47, 0x02, 0x99, 0xd7,
    0x24, 0xfd, 0x2d, 0xc2, 0x38, 0x86, 0x40, 0xbc, 0x1b, 0x5b, 0x84, 0xc1,
    0x12, 0x10, 0x52, 0x4e, 0xb6, 0xd0, 0xc8, 0xa8, 0xdd, 0xd5, 0xc1, 0xc2,
    0x12, 0xff, 0x19, 0xde, 0x64, 0x92, 0x0f, 0x0a, 0x5a, 0x59, 0x19, 0xc6,
    0x41, 0xc5, 0x17, 0x9e, 0xa1, 0xde, 0xd4, 0xa2, 0x04, 0x7f, 0xcc, 0xd9,
    0x29, 0x2b, 0x64, 0x24, 0x10, 0x12, 0xb9, 0x32, 0xda, 0xba, 0xe9, 0xd9,
    0xb2, 0xe7, 0x57, 0x31, 0xfc, 0xb0, 0x75, 0x1b, 0x2b, 0x97, 0xc0, 0x93,
    0x66, 0x31, 0x0d, 0x27, 0x95, 0xc7, 0xae, 0xb6, 0x69, 0x28, 0x0d, 0xc8,
    0x24, 0x64, 0xdd, 0xfb, 0xd5, 0x36, 0x68, 0x2d, 0x0c, 0x13, 0x33, 0x37,
    0x2b, 0xf6, 0x09, 0x96, 0xf5, 0xd8, 0xa1, 0x70, 0xdf, 0xaa, 0x0f, 0xe4,
    0x05, 0xe9, 0x23, 0xe1, 0x24, 0x23, 0xf4, 0x67, 0x0a, 0x1f, 0xe0, 0x73,
    0xf2, 0x2c, 0x68, 0xc0, 0xbb, 0xad, 0x53, 0x36, 0x10, 0xd7, 0x41, 0x06,
    0xdf, 0xff, 0xae, 0x41, 0x3b, 0x3a, 0xa6, 0x11, 0xcd, 0x2c, 0x1b, 0xeb,
    0x5f, 0x4e, 0xb7, 0xa8, 0x03, 0xd3, 0x9a, 0x9f, 0x8d, 0x61, 0x82, 0x57,
    0xbd, 0xb7, 0x26, 0x1b, 0x22, 0x4e, 0x1a, 0x5d, 0x53, 0xb9, 0xb8, 0x46,
    0x11, 0x34, 0x39, 0x58, 0x2a, 0x3a, 0xd2, 0xda, 0x28, 0x41, 0x3c, 0x20,
    0xec, 0x7f, 0x46, 0x3d, 0x66, 0xc2, 0x58, 0x3d, 0x30, 0x03, 0x93, 0xe1,
    0x95, 0x30, 0x47, 0xaa, 0x38, 0x99, 0xb5, 0x5d, 0x23, 0xed, 0xd2, 0xc5,
    0x3d, 0x3d, 0xf0, 0xf0, 0x41, 0x69, 0x9c, 0x0a, 0x42, 0x16, 0x51, 0x2b,
    0xc1, 0xb6, 0x1a, 0x39, 0xeb, 0xf0, 0x13, 0x33, 0xac, 0xab, 0x7d, 0x2d,
    0x2f, 0xdc, 0xf4, 0x01, 0xb1, 0xd2, 0x38, 0x2d, 0xa1, 0x6f, 0x3a, 0xb5,
    0xeb, 0x48, 0xd3, 0xb0, 0xd5, 0x95, 0x6a, 0x04, 0xc0, 0x3c, 0x17, 0x2d,
    0xcd, 0xcc, 0x57, 0x62, 0xf8, 0x0b, 0x1a, 0xec, 0xc5, 0x52, 0xdc, 0x49,
    0x50, 0x0c, 0xae, 0xef, 0x07, 0xc1, 0xe4, 0x95, 0x1e, 0x8d, 0xf6, 0x03,
    0x47, 0x1e, 0xf6, 0xc5, 0x93, 0xd5, 0xb5, 0x35, 0xbd, 0xa4, 0x1b, 0x12,
    0xb9, 0x32, 0xa3, 0x24, 0x13, 0xa2, 0xa2, 0x1f, 0xe8, 0x59, 0xad, 0x2d,
    0xd6, 0x02, 0xfd, 0x1c, 0x61, 0x68, 0x54, 0x15, 0x4b, 0x3f, 0xd8, 0x03,
    0x4a, 0x0b, 0xfa, 0x15, 0x8f, 0x94, 0x1a, 0x5b, 0x47, 0xdd, 0xb0, 0x0e,
    0x4d, 0x1b, 0x09, 0xf7, 0xb1, 0xb3, 0x4b, 0xaf, 0x4e, 0xd9, 0xb9, 0x66,
    0x49, 0x7f, 0xdb, 0xf4, 0xf3, 0xe9, 0xed, 0x3f, 0xcc, 0xbf, 0x17, 0xa1,
    0x88, 0x3b, 0x9b, 0xa4, 0xc1, 0x18, 0xdf, 0xe8, 0x03, 0x02, 0xf8, 0xa9,
    0xb5, 0x37, 0x0d, 0xcf, 0x0f, 0xea, 0x9c, 0x27, 0xee, 0xbd, 0x25, 0xde,
    0xa2, 0x9f, 0xac, 0x2d, 0x29, 0xab, 0xbc, 0xa6, 0xd8, 0xb0, 0x35, 0xb7,
    0xed, 0x43, 0x52, 0x53, 0xe9, 0x26, 0xec, 0xd3, 0x81, 0x09, 0xc9, 0xf6,
    0x33, 0x5d, 0xe3, 0xf5, 0x37, 0x44, 0x10, 0x36, 0xc3, 0xce, 0x63, 0xcf,
    0xea, 0x98, 0xcb, 0xa5, 0xe0, 0xfa, 0x45, 0xd7, 0x06, 0xf6, 0xce, 0x49,
    0x37, 0x25, 0xc8, 0xe6, 0xac, 0x9d, 0xab, 0xbb, 0xdc, 0x26, 0x28, 0xef,
    0xbb, 0x41, 0xe2, 0xb7, 0x0d, 0x33, 0x1e, 0x21, 0x10, 0xbb, 0x23, 0xdd,
    0xcc, 0xcb, 0xc8, 0xbc, 0x55, 0xd4, 0xfe, 0x27, 0xe1, 0x12, 0xcf, 0xd3,
    0x11, 0x5f, 0xbc, 0x62, 0x45, 0xd2, 0x38, 0x3d, 0x26, 0x2b, 0xbf, 0xd2,
    0x50, 0xf7, 0x2b, 0xba, 0xe8, 0xc7, 0xb8, 0xf3, 0x3a, 0xbd, 0xb9, 0xf8,
    0x18, 0xeb, 0xd7, 0xd0, 0x15, 0xa2, 0x21, 0x30, 0x2e, 0x14, 0x96, 0x86,
    0xd3, 0x9f, 0xbf, 0xf8, 0x01, 0x0d, 0xed, 0xd5, 0xe6, 0xd7, 0x32, 0xc1,
    0xc3, 0xe6, 0x9b, 0x1c, 0x1b, 0xd1, 0xcc, 0xe0, 0x15, 0x1d, 0xb5, 0x35,
    0xdd, 0x01, 0x49, 0x56, 0xec, 0xd5, 0xf5, 0x04, 0x20, 0x39, 0x0e, 0x46,
    0xee, 0xc7, 0x09, 0xbf, 0x42, 0x12, 0x01, 0xae, 0xdb, 0xf6, 0xb5, 0x00,
    0x3d, 0x64, 0x49, 0xd3, 0xad, 0xdf, 0xf8, 0xe0, 0xe8, 0xc1, 0x64, 0xb1,
    0x08, 0x30, 0xf9, 0xc1, 0x07, 0x09, 0x07, 0xbd, 0x2c, 0x0d, 0xbf, 0xa0,
    0xff, 0xa4, 0xcf, 0xb4, 0x34, 0x16, 0xb4, 0x47, 0x53, 0xed, 0x52, 0xb0,
    0x4e, 0x37, 0x32, 0xe9, 0x40, 0x03, 0xc3, 0xea, 0xca, 0x20, 0x16, 0x5a,
    0x21, 0xf8, 0x1c, 0x2a, 0xc4, 0x9b, 0x1e, 0xba, 0x81, 0xc2, 0xcf, 0xbf,
    0x1e, 0xaf, 0xb1, 0x35, 0x40, 0xf3, 0xad, 0xe0, 0x49, 0x0b, 0x54, 0xbe,
    0x3d, 0x50, 0xc5, 0xad, 0xf3, 0xca, 0x18, 0xee, 0xc7, 0xb4, 0xf5, 0xdd,
    0x30, 0x00, 0x37, 0x41, 0xcf, 0x36, 0x34, 0xbf, 0xdd, 0x00, 0x14, 0x26,
    0x36, 0xc2, 0x28, 0x1f, 0xd2, 0xb8, 0xfa, 0xfc, 0x3c, 0x36, 0xe1, 0xdd,
    0xcf, 0xaa, 0x22, 0x3b, 0x08, 0x1f, 0xc3, 0x66, 0xad, 0xc9, 0x74, 0x24,
    0x9a, 0x2c, 0x5b, 0xce, 0x5e, 0x16, 0x2c, 0xca, 0x33, 0x51, 0x84, 0x55,
    0x18, 0x95, 0x5f, 0x1a, 0xd8, 0x55, 0x6f, 0x06, 0xe0, 0x02, 0xac, 0xcc,
    0x7f, 0x50, 0x64, 0xff, 0x67, 0xb1, 0x07, 0x35, 0x2e, 0xb8, 0x07, 0x53,
    0x14, 0x64, 0x2b, 0xd7, 0x9c, 0xa6, 0x5e, 0xa0, 0x09, 0xf7, 0x95, 0x86,
    0xac, 0x77, 0x6c, 0x6b, 0xba, 0xef, 0x83, 0x3d, 0xd1, 0xf4, 0x0a, 0x38,
    0x0a, 0x4a, 0x8b, 0xe7, 0x98, 0x1e, 0x0d, 0x5a, 0x3c, 0xc4, 0xcf, 0x32,
    0x90, 0xeb, 0x01, 0x22, 0xac, 0xb1, 0x50, 0x01, 0x9e, 0x60, 0x09, 0xcd,
    0xa4, 0xf4, 0xdc, 0xf2, 0x45, 0x74, 0x91, 0x61, 0xe8, 0x96, 0x4e, 0x1f,
    0x1d, 0x56, 0x06, 0x03, 0x2d, 0x62, 0xdd, 0x60, 0xf0, 0x7a, 0x5c, 0xbf,
    0x72, 0xa7, 0xcd, 0x47, 0x4a, 0x2e, 0x48, 0x97, 0x4e, 0x05, 0xe0, 0xdf,
    0xfb, 0x0c, 0x1e, 0x7f, 0x31, 0x01, 0xee, 0x36, 0xac, 0x2b, 0xbc, 0x35,
    0xca, 0x27, 0xba, 0x6b, 0xb6, 0xe8, 0x27, 0x4b, 0x0b, 0xe4, 0xf4, 0x9c,
    0xef, 0x2a, 0x4b, 0x15, 0xad, 0xb1, 0x22, 0x3c, 0xba, 0xe9, 0x17, 0x28,
    0xb0, 0x3e, 0x31, 0x3c, 0xc3, 0x3e, 0xf0, 0x48, 0x0e, 0x0e, 0x43, 0x72,
    0x52, 0x2b, 0x1d, 0xf3, 0x2e, 0xe2, 0x22, 0xfe, 0xb9, 0x2f, 0x31, 0xb5,
    0x07, 0xa8, 0xf2, 0x11, 0xc6, 0x12, 0xb1, 0xd2, 0xcc, 0x0a, 0xd6, 0x1e,
    0x6d, 0x1f, 0x34, 0x36, 0x69, 0x67, 0x30, 0x20, 0x3a, 0x31, 0x48, 0xee,
    0x0b, 0x18, 0x24, 0x9b, 0xb1, 0xef, 0x13, 0x0d, 0xdd, 0xb7, 0xb8, 0xea,
    0xeb, 0xcc, 0xe0, 0x94, 0xb7, 0xa8, 0xe6, 0xbd, 0x9a, 0x9d, 0xd1, 0x2a,
    0x8d, 0x01, 0xb7, 0xb6, 0xce, 0xf9, 0x2a, 0xdf, 0xc7, 0x8e, 0x8b, 0x29,
    0xf7, 0x13, 0x30, 0xdc, 0x8f, 0xa5, 0xaf, 0xcb, 0x7e, 0x8e, 0x74, 0xd6,
    0xab, 0xc5, 0x19, 0x3d, 0xb1, 0xf4, 0xb7, 0x28, 0x2b, 0xb9, 0x38, 0x01,
    0xfb, 0x16, 0xd0, 0xce, 0x7f, 0xb2, 0x5e, 0x7b, 0xf1, 0xf3, 0xf4, 0x08,
    0xfe, 0x5d, 0x29, 0xd6, 0xe4, 0xe1, 0x19, 0xec, 0xa9, 0x18, 0x2c, 0x7a,
    0x16, 0x9c, 0xe9, 0xd1, 0x16, 0xb7, 0xdd, 0x7e, 0xa3, 0xd4, 0x95, 0x05,
    0xfb, 0xc5, 0x07, 0x97, 0x9f, 0xbc, 0x4c, 0x4e, 0x11, 0x20, 0x2a, 0xcf,
    0x5a, 0x02, 0xc0, 0xf0, 0xf6, 0x47, 0xc6, 0x54, 0x63, 0x15, 0xb7, 0xca,
    0x63, 0xc7, 0x46, 0xee, 0xb6, 0x6c, 0x14, 0xb1, 0xaa, 0x0a, 0xa9, 0x5e,
    0xe4, 0xdc, 0xbf, 0x17, 0x71, 0x6a, 0xbc, 0x38, 0x78, 0x78, 0x30, 0xb1,
    0x68, 0xa0, 0xc5, 0x07, 0x1d, 0x22, 0x76, 0xf6, 0x63, 0x14, 0xed, 0x41,
    0x40, 0x97, 0x68, 0x10, 0x26, 0x50, 0x8c, 0xfe, 0x4d, 0x63, 0xba, 0x6f,
    0x13, 0x92, 0x21, 0xfe, 0x30, 0x01, 0x9e, 0xfb, 0x16, 0xca, 0xd8, 0xff,
    0xc3, 0xef, 0xbb, 0x5a, 0xd6, 0x77, 0xab, 0xde, 0x1e, 0x02, 0xf8, 0x11,
    0xce, 0xe8, 0x18, 0xf1, 0xf0, 0x28, 0x65, 0xb8, 0xed, 0xe8, 0x2a, 0x0a,
    0xd9, 0x43, 0x3a, 0xf0, 0x39, 0x35, 0x98, 0x3f, 0x3c, 0x1b, 0xa8, 0xde,
    0x63, 0xea, 0x0f, 0x0b, 0x59, 0xc3, 0x39, 0xd2, 0xa4, 0x09, 0x4c, 0xec,
    0xfc, 0xb7, 0xee, 0x34, 0xeb, 0xb5, 0x1d, 0xcc, 0x19, 0x1a, 0x4a, 0x47,
    0x67, 0x44, 0xa3, 0x4f, 0x43, 0x0c, 0x13, 0xe4, 0x58, 0x5c, 0x4c, 0x63,
    0xd1, 0xc4, 0xdd, 0x19, 0x7f, 0x2d, 0xd8, 0x63, 0xbe, 0x5b, 0xf2, 0xab,
    0xee, 0xd1, 0xcc, 0xf4, 0xb9, 0x47, 0x56, 0x17, 0xd8, 0x30, 0xde, 0xfa,
    0xc5, 0xc4, 0x03, 0xef, 0xd1, 0xfc, 0x0d, 0x4f, 0xbc, 0xb1, 0x4a, 0xb0,
    0xa0, 0x9e, 0x3b, 0xbd, 0xc8, 0x2a, 0xd3, 0xf8, 0xb7, 0xb7, 0x2e, 0xb2,
    0x39, 0xf4, 0xc7, 0x3f, 0x14, 0xf3, 0x9e, 0x50, 0x23, 0xc9, 0xdd, 0x00,
    0xb3, 0x81, 0x15, 0xf9, 0xa5, 0x1c, 0xbe, 0x93, 0x0f, 0xba, 0x2c, 0x20,
    0xef, 0xff, 0x23, 0xb5, 0xa3, 0x29, 0x8e, 0xe8, 0xc7, 0xa5, 0xac, 0xa6,
    0xd2, 0xf2, 0xdf, 0x12, 0x0d, 0xad, 0xc3, 0xc1, 0xd6, 0x2b, 0xb8, 0x34,
    0xd2, 0xc7, 0x1e, 0xf9, 0x28, 0x4a, 0x59, 0xf0, 0x05, 0xbe, 0x3b, 0xf5,
    0xd6, 0x93, 0x32, 0x58, 0x12, 0xda, 0xd2, 0x0f, 0x46, 0x65, 0x66, 0x39,
    0x09, 0xea, 0xdf, 0xd7, 0x1a, 0x2f, 0x3b, 0x37, 0xef, 0x35, 0x18, 0xfd,
    0xfd, 0x12, 0x04, 0x03, 0xcf, 0xe8, 0x25, 0xca, 0xcc, 0x4f, 0xae, 0xfb,
    0x47, 0xc5, 0x91, 0x33, 0x2e, 0x5b, 0xe6, 0x00, 0x03, 0xfd, 0xad, 0xf3,
    0xcf, 0xce, 0x2f, 0x38, 0xee, 0xcd, 0xac, 0x2a, 0xc7, 0xfb, 0x15, 0x45,
    0x13, 0x02, 0xa8, 0x58, 0xf3, 0xa1, 0x1e, 0xac, 0x98, 0x1f, 0x81, 0xc6,
    0xc1, 0x2f, 0xd0, 0xd9, 0x3d, 0x5e, 0xf7, 0x1b, 0x4e, 0x3a, 0xcf, 0xb8,
    0xf8, 0xa7, 0xbe, 0x0f, 0xcb, 0xd1, 0xa2, 0xb9, 0x28, 0xb6, 0xe0, 0x36,
    0x14, 0x1a, 0xf4, 0xc2, 0xb3, 0x4f, 0x2e, 0x1b, 0x4b, 0xb9, 0xc4, 0xf8,
    0x35, 0xd0, 0xcd, 0x0c, 0x5c, 0xf2, 0x3a, 0xe1, 0x17, 0x55, 0xc6, 0xc1,
    0xf5, 0xe1, 0xd2, 0xd9, 0xdf, 0x4d, 0xf6, 0x44, 0xd2, 0xce, 0xf3, 0xd9,
    0x4f, 0xdb, 0xdf, 0x4d, 0x66, 0xe5, 0x48, 0xf6, 0xf8, 0xca, 0x32, 0xc3,
    0x0a, 0xcb, 0xdc, 0xa9, 0xab, 0x15, 0xbe, 0x10, 0xbe, 0xd8, 0x14, 0x0a,
    0x5c, 0xbf, 0x3a, 0x32, 0x22, 0x11, 0xd1, 0x53, 0x05, 0xd3, 0xea, 0xb3,
    0x35, 0xbc, 0xbd, 0xb7, 0x30, 0x4b, 0xf2, 0xbb, 0x4c, 0xd1, 0x4c, 0x49,
    0x3a, 0xf9, 0x4d, 0xbb, 0xf6, 0xf2, 0x17, 0x08, 0x01, 0x4a, 0xfd, 0xae,
    0x3f, 0xff, 0x10, 0xe3, 0x53, 0xe4, 0xb3, 0xe6, 0x99, 0x35, 0x23, 0xe8,
    0x4d, 0xe8, 0x4f, 0xd4, 0x6c, 0xd5, 0x45, 0x38, 0xea, 0xdd, 0x33, 0x2c,
    0xdc, 0xa2, 0xc0, 0x0a, 0xae, 0x73, 0x46, 0xd9, 0x71, 0xd3, 0x2e, 0xee,
    0xf5, 0xfe, 0x01, 0x7f, 0xd0, 0x58, 0x63, 0x4e, 0x2e, 0x22, 0xd0, 0x96,
    0xe3, 0x7f, 0x52, 0x15, 0xe3, 0x62, 0x25, 0x08, 0x24, 0xc2, 0xef, 0xbd,
    0x4c, 0xed, 0x56, 0x4a, 0x0d, 0xa6, 0xad, 0x61, 0xd9, 0x9b, 0xd3, 0x61,
    0x2a, 0xc7, 0x3f, 0xcc, 0x4f, 0xa1, 0x20, 0x57, 0xdf, 0x4e, 0x45, 0xe0,
    0x2f, 0xc9, 0x00, 0x69, 0x47, 0xcb, 0x09, 0xe0, 0x57, 0xfc, 0x5f, 0x06,
    0x29, 0xb3, 0x6d, 0xf5, 0xd5, 0x55, 0x3d, 0xee, 0xc6, 0xb6, 0xa6, 0x6b,
    0xe8, 0x20, 0x26, 0xe7, 0x33, 0x2d, 0x72, 0x3f, 0xa5, 0x30, 0xb5, 0xec,
    0xb9, 0xe9, 0x1f, 0x34, 0x11, 0x60, 0xb5, 0x13, 0xeb, 0xa7, 0xcb, 0x35,
    0xb6, 0x1d, 0x49, 0xf9, 0xba, 0x15, 0xda, 0x4c, 0x00, 0x02, 0x15, 0x3f,
    0x67, 0x09, 0x3b, 0x10, 0x17, 0x05, 0x38, 0x81, 0x1e, 0xa7, 0xb7, 0x0e,
    0x0e, 0x10, 0x34, 0xe7, 0x30, 0xb8, 0xc8, 0xc4, 0x31, 0xb9, 0xf8, 0x2b,
    0xf0, 0x16, 0xe1, 0xb0, 0xe2, 0xaa, 0xdb, 0xbd, 0xe0, 0xba, 0x15, 0x31,
    0x3d, 0x07, 0xd0, 0x0c, 0x32, 0xab, 0xe6, 0x28, 0xa9, 0x05, 0xb0, 0xf3,
    0x9e, 0xc3, 0xfe, 0x02, 0xbc, 0xcb, 0x40, 0xc4, 0xf1, 0xc9, 0x02, 0x1f,
    0xd6, 0x31, 0x4e, 0x57, 0x12, 0x4f, 0x25, 0x0b, 0x48, 0x24, 0x0c, 0x17,
    0x74, 0xdd, 0x46, 0xa8, 0x0a, 0x2f, 0x11, 0xc7, 0x06, 0xc7, 0x18, 0xf8,
    0xb8, 0x16, 0x43, 0xd5, 0x9a, 0x30, 0xdb, 0xf3, 0xdc, 0xb5, 0x2a, 0xe7,
    0x38, 0xbc, 0x0d, 0xd0, 0xfd, 0x38, 0xde, 0xd8, 0xcd, 0x01, 0x0e, 0x36,
    0xa5, 0xe5, 0xaf, 0xf4, 0xea, 0x02, 0xdb, 0x03, 0x4e, 0x3f, 0xcb, 0x4a,
    0x78, 0x58, 0x5d, 0x5c, 0x3d, 0x00, 0x42, 0xd4, 0x5e, 0x7f, 0x3a, 0x3e,
    0x33, 0xeb, 0xb5, 0xcd, 0x00, 0xd0, 0xe1, 0x13, 0xed, 0xc1, 0x0b, 0xa0,
    0x42, 0x04, 0x69, 0xd1, 0x1d, 0x1d, 0x2d, 0xe5, 0x0f, 0x6c, 0x45, 0x7a,
    0x10, 0x4b, 0x41, 0x66, 0x00, 0x06, 0x05, 0x3d, 0xc0, 0xc9, 0x13, 0x31,
    0x56, 0x04, 0xc1, 0x1c, 0x38, 0x5a, 0x55, 0x62, 0x73, 0x10, 0xc1, 0x1f,
    0x18, 0x1b, 0xc7, 0xdd, 0x23, 0xa5, 0x14, 0x41, 0xad, 0xa4, 0xa1, 0xe4,
    0xf3, 0x28, 0x1d, 0xf9, 0x04, 0x22, 0xc9, 0x40, 0xe1, 0x08, 0xa2, 0x9c,
    0x33, 0xfc, 0xd9, 0xe9, 0xf9, 0xe3, 0x06, 0x11, 0x02, 0xf4, 0xaa, 0x61,
    0x51, 0x1b, 0xe6, 0x3e, 0xb4, 0x3b, 0x2f, 0xd0, 0xd2, 0x18, 0x0f, 0xc8,
    0x4d, 0xf5, 0xde, 0xf0, 0xd2, 0xab, 0x2d, 0x3f, 0x1a, 0xc2, 0x44, 0x40,
    0x9e, 0xb5, 0xd9, 0xff, 0xf4, 0x22, 0x20, 0x0f, 0xf0, 0xd3, 0xea, 0x11,
    0xef, 0xf7, 0x02, 0x65, 0x5e, 0xcd, 0xb2, 0xa5, 0x49, 0xf6, 0xf6, 0x9d,
    0x2e, 0xe4, 0xe7, 0xdf, 0xed, 0xea, 0xf2, 0xac, 0x02, 0x19, 0xb3, 0xae,
    0x18, 0xdd, 0x08, 0xa4, 0x2c, 0x0d, 0xa7, 0xd9, 0x06, 0x19, 0xf8, 0xd1,
    0xf1, 0xe4, 0x09, 0x03, 0x01, 0xad, 0x0a, 0xb8, 0xfa, 0xa4, 0x9e, 0x8f,
    0xa6, 0xc4, 0x14, 0xdf, 0xf6, 0xb0, 0x9e, 0x91, 0x92, 0x2c, 0xb4, 0x10,
    0x51, 0x3e, 0x36, 0xfc, 0xf5, 0x27, 0x2d, 0x0d, 0x44, 0x7f, 0xf2, 0x03,
    0xd5, 0x47, 0xe6, 0x1c, 0x6f, 0xcb, 0x16, 0xe4, 0xa5, 0x00, 0x10, 0x21,
    0xd4, 0xaf, 0x23, 0xa4, 0x2e, 0xa8, 0x0a, 0xfa, 0xd0, 0x09, 0xf3, 0x03,
    0xd2, 0x58, 0x7e, 0x4c, 0x7d, 0x71, 0x00, 0xf3, 0xf2, 0x3b, 0xd8, 0xa7,
    0x25, 0xe0, 0x10, 0xbd, 0xe6, 0xfd, 0x04, 0x00, 0x15, 0x3a, 0x6e, 0xba,
    0xa4, 0xf0, 0x7f, 0x3f, 0x2f, 0x96, 0xbb, 0x4e, 0x43, 0x24, 0x37, 0xb6,
    0x48, 0xfc, 0xc1, 0xed, 0x30, 0xd2, 0xde, 0xf7, 0x36, 0xaa, 0xc1, 0xff,
    0xea, 0x1e, 0xb2, 0x24, 0x41, 0xd9, 0x8f, 0x0e, 0xb5, 0x5f, 0x14, 0xb5,
    0x1a, 0xc3, 0x85, 0xa7, 0xfe, 0x4c, 0x34, 0x0d, 0x15, 0xfa, 0x27, 0x92,
    0x03, 0xe8, 0x9b, 0xd0, 0x58, 0x23, 0x4c, 0x30, 0x8e, 0xca, 0xae, 0xcd,
    0x97, 0x47, 0x0a, 0xa4, 0x1c, 0x91, 0x66, 0x8d, 0x89, 0xcf, 0x91, 0xe9,
    0x16, 0xce, 0xa8, 0x48, 0x33, 0xe5, 0x56, 0xe7, 0xa1, 0x06, 0x25, 0x54,
    0x84, 0xd5, 0xed, 0x96, 0xe3, 0x10, 0x35, 0xaf, 0xbc, 0x4b, 0xa3, 0x39,
    0xc3, 0xda, 0x03, 0x1d, 0xa1, 0xe9, 0x93, 0x56, 0x2c, 0xfc, 0x17, 0xbb,
    0x00, 0xf6, 0x44, 0xb8, 0xfd, 0x9e, 0x0f, 0xb6, 0x00, 0xe1, 0xb8, 0xe5,
    0xb1, 0xbd, 0xe4, 0xb2, 0x7f, 0x16, 0xd9, 0xf3, 0xf7, 0x36, 0xd5, 0x9e,
    0x2e, 0xcd, 0x9e, 0xa5, 0x38, 0x16, 0xe3, 0x9e, 0xe3, 0x35, 0xea, 0xed,
    0x77, 0x56, 0x72, 0xde, 0x50, 0xb7, 0x3d, 0x4e, 0xd5, 0xb0, 0x2f, 0x65,
    0x18, 0x64, 0xc7, 0x43, 0xd5, 0x07, 0x1f, 0xdd, 0x78, 0x63, 0x30, 0x95,
    0xcf, 0x00, 0x46, 0x55, 0xd8, 0xaf, 0x2b, 0x53, 0xb3, 0x52, 0xc0, 0xff,
    0x0e, 0x37, 0xc8, 0x47, 0xcd, 0xd3, 0xbe, 0x94, 0x43, 0x32, 0x07, 0x16,
    0xd8, 0xb5, 0x44, 0xa1, 0x9b, 0x4d, 0x24, 0x17, 0x60, 0xda, 0x17, 0x3e,
    0xfa, 0x32, 0xde, 0x2d, 0xd0, 0x2a, 0xc5, 0x9b, 0xe7, 0xe1, 0x43, 0x4f,
    0x06, 0x53, 0x0e, 0xc2, 0x4d, 0xdb, 0xa6, 0x1e, 0x36, 0x03, 0xf7, 0x3b,
    0x18, 0x41, 0x23, 0x9a, 0x1e, 0x00, 0xa5, 0xbf, 0xee, 0xd5, 0xad, 0xeb,
    0x9b, 0xa1, 0xd9, 0x08, 0xea, 0x41, 0x9c, 0xa2, 0x96, 0xe2, 0x24, 0xfa,
    0x95, 0xd6, 0x20, 0xb7, 0xb8, 0x32, 0x14, 0x7f, 0xd1, 0x4b, 0xfb, 0x53,
    0xe9, 0xd7, 0xd6, 0x1d, 0xba, 0x84, 0xab, 0x2b, 0x28, 0xe3, 0x26, 0xb0,
    0x04, 0xd6, 0x54, 0x57, 0xa3, 0xdb, 0x72, 0x1c, 0xba, 0xb0, 0x9c, 0xfe,
    0xcb, 0x96, 0x0a, 0xf6, 0xe6, 0x93, 0x22, 0xc8, 0x92, 0xeb, 0xd9, 0xd4,
    0xc6, 0xbd, 0x26, 0x46, 0xe4, 0x22, 0x49, 0xf6, 0xe3, 0x22, 0xcb, 0xdc,
    0xfe, 0x03, 0x2f, 0xb7, 0x4a, 0x46, 0xcc, 0x26, 0xeb, 0xc6, 0xbd, 0x1e,
    0x14, 0xd9, 0xa7, 0xc4, 0xdc, 0xb5, 0xc6, 0xf5, 0x10, 0xe7, 0x04, 0xcf,
    0xcd, 0x28, 0xff, 0x99, 0xb4, 0x3c, 0xa3, 0x1e, 0x99, 0xec, 0x03, 0xeb,
    0xc3, 0x2d, 0xaa, 0x4a, 0x27, 0xf9, 0xbd, 0xb8, 0x27, 0xea, 0x18, 0x05,
    0x13, 0xdb, 0xb7, 0xd6, 0x97, 0xb5, 0xbb, 0x3d, 0xfa, 0x47, 0xc3, 0x93,
    0xe1, 0x29, 0x30, 0xa0, 0x3f, 0x0b, 0xa7, 0x90, 0x75, 0x13, 0xf2, 0xbe,
    0x56, 0xa9, 0xe0, 0xea, 0x57, 0x29, 0x1d, 0x65, 0xcb, 0xe6, 0x5c, 0x5a,
    0xe4, 0xf3, 0x44, 0x31, 0xd5, 0xef, 0x59, 0x42, 0xb1, 0x8d, 0xc2, 0x1c,
    0xad, 0x41, 0xe5, 0xb6, 0xf4, 0xf2, 0xe9, 0x45, 0x14, 0xf0, 0xdc, 0xa8,
    0xe3, 0xe5, 0x12, 0x1a, 0xde, 0x44, 0xcd, 0xdc, 0xed, 0xb1, 0xe5, 0xea,
    0x3d, 0xfa, 0x1f, 0x97, 0x21, 0x32, 0x5f, 0xe6, 0xf4, 0xba, 0xd5, 0x6d,
    0x77, 0xc5, 0xc0, 0x1c, 0x27, 0xba, 0x4f, 0x4a, 0xc5, 0x4c, 0xd8, 0x7c,
    0xf6, 0xd4, 0xd9, 0xf3, 0x22, 0xf6, 0xed, 0x45, 0x2d, 0xd7, 0xbe, 0x11,
    0x62, 0x04, 0xb4, 0xb1, 0xe0, 0xcf, 0xce, 0xd5, 0x81, 0xc5, 0xae, 0x8a,
    0xe6, 0xfa, 0xec, 0x0d, 0xee, 0x8b, 0xab, 0x1f, 0xa8, 0x3e, 0xae, 0xa8,
    0x30, 0x1e, 0xf2, 0x23, 0xb4, 0xfe, 0xb0, 0x47, 0xbf, 0x2f, 0x90, 0x90,
    0xd8, 0xf1, 0xcf, 0xa7, 0xc0, 0xd3, 0x4d, 0xf6, 0x0c, 0xe4, 0xd5, 0x3d,
    0xfb, 0x17, 0xc3, 0x3c, 0x38, 0x11, 0x00, 0x21, 0x10, 0xed, 0x95, 0xfa,
    0x16, 0x1c, 0x3a, 0x28, 0xd0, 0x0c, 0xbc, 0x3c, 0x34, 0xc3, 0x39, 0x1c,
    0x4f, 0x23, 0xc2, 0xd6, 0xe1, 0xff, 0x31, 0x68, 0x7f, 0x63, 0xcf, 0xa5,
    0x1b, 0x60, 0x36, 0x0d, 0x6c, 0x84, 0xe4, 0x0c, 0xe2, 0x97, 0xe8, 0x6e,
    0xdc, 0x00, 0x54, 0xf3, 0xea, 0x67, 0xdd, 0xe0, 0x78, 0xc6, 0x2a, 0xc3,
    0x72, 0x01, 0x0e, 0x75, 0x4e, 0x5f, 0xd8, 0x72, 0x28, 0x27, 0x65, 0xef,
    0x48, 0xbc, 0x0b, 0x1a, 0x30, 0xfb, 0x58, 0x2b, 0xe7, 0xd6, 0x04, 0x2b,
    0x25, 0x1c, 0x42, 0xfe, 0x4f, 0x5d, 0x40, 0xfc, 0x30, 0x38, 0xbe, 0xfc,
    0x25, 0x5b, 0x36, 0x26, 0x47, 0x67, 0x25, 0x07, 0x40, 0xda, 0xca, 0x71,
    0xfd, 0x75, 0x4c, 0x48, 0x59, 0xd3, 0xf4, 0x34, 0x1b, 0x47, 0x00, 0xc7,
    0x4b, 0x25, 0x13, 0xcd, 0xd5, 0x20, 0x5e, 0x79, 0x7f, 0xdf, 0x24, 0xeb,
    0xd3, 0x4c, 0x1c, 0xb4, 0xe8, 0x09, 0xd2, 0x4a, 0x4c, 0x4d, 0x1d, 0xd6,
    0xae, 0xa5, 0x1f, 0xd6, 0xbc, 0x2c, 0xae, 0xc5, 0xeb, 0x07, 0x2e, 0x43,
    0xd2, 0x55, 0x02, 0x34, 0xf3, 0xa1, 0xf9, 0xd0, 0x51, 0x29, 0x5c, 0x43,
    0xe4, 0x31, 0x4e, 0x34, 0x0c, 0x50, 0x12, 0x55, 0x64, 0xdd, 0x65, 0x16,
    0xde, 0xd1, 0x05, 0x18, 0x5c, 0xaf, 0x2f, 0x3f, 0x44, 0xef, 0x05, 0x0c,
    0x1e, 0x4e, 0xdc, 0x11, 0xcb, 0x58, 0x71, 0x3b, 0x40, 0x68, 0x1b, 0x13,
    0x79, 0x38, 0x54, 0xd6, 0x55, 0x36, 0xf8, 0x0b, 0x26, 0xf5, 0xf2, 0xb9,
    0x25, 0xb9, 0xf2, 0xdc, 0x4e, 0xc9, 0xf5, 0x28, 0xfd, 0x62, 0x3a, 0xe0,
    0x5d, 0x16, 0x44, 0x47, 0xdf, 0xfc, 0xaf, 0xd8, 0xcf, 0x2b, 0xa8, 0xfe,
    0xb7, 0xaa, 0xd8, 0xc2, 0xc3, 0xd1, 0x05, 0x1b, 0x42, 0x5a, 0xfa, 0x51,
    0x0b, 0x16, 0x53, 0xa1, 0x45, 0x43, 0x45, 0xa4, 0xa8, 0x53, 0xf6, 0xbf,
    0xe8, 0xba, 0xc3, 0x24, 0x40, 0xc2, 0xc2, 0x00, 0x22, 0x66, 0x76, 0x4a,
    0x21, 0xe3, 0xee, 0x53, 0xf2, 0xde, 0x17, 0xd0, 0x4e, 0x13, 0x0e, 0x5c,
    0x20, 0x1f, 0x1b, 0xca, 0xc0, 0xb7, 0xc8, 0x50, 0x4b, 0xc8, 0xd2, 0xbb,
    0x0b, 0xdf, 0xd2, 0x35, 0xa6, 0x59, 0x44, 0x17, 0xa8, 0x10, 0x01, 0xfc,
    0x5c, 0xf5, 0x10, 0x4e, 0xcf, 0x02, 0x3f, 0x11, 0x04, 0x15, 0x54, 0xf7,
    0x47, 0xbe, 0x6d, 0xf1, 0xc0, 0x58, 0x5e, 0xd9, 0x54, 0x64, 0x6a, 0x58,
    0x98, 0x0f, 0x58, 0x2a, 0x59, 0x09, 0x0c, 0x40, 0xed, 0x53, 0x68, 0x36,
    0x3c, 0x29, 0xaf, 0xd4, 0x01, 0xc1, 0x1f, 0x38, 0xcd, 0x7f, 0xed, 0x00,
    0xe4, 0xea, 0x68, 0x24, 0x11, 0xd9, 0x39, 0xbe, 0x20, 0x2c, 0xed, 0x28,
    0x06, 0xbf, 0xb3, 0x4d, 0x1c, 0xd1, 0x32, 0xeb, 0x10, 0xfc, 0x28, 0x1a,
    0xe0, 0xeb, 0x45, 0xeb, 0x47, 0xfc, 0x3b, 0x27, 0xeb, 0x3d, 0x34, 0x1e,
    0x0a, 0x70, 0x02, 0x04, 0x20, 0xbe, 0xcb, 0xee, 0x41, 0x57, 0xc0, 0x36,
    0xa8, 0x05, 0x20, 0xb5, 0xc2, 0xf1, 0x58, 0xb9, 0x7a, 0x5e, 0x00, 0xb5,
    0xb3, 0xea, 0x06, 0x25, 0xc7, 0x39, 0x5f, 0x4b, 0x30, 0x6c, 0x33, 0xb7,
    0x08, 0xd6, 0x74, 0x62, 0x18, 0x4e, 0x68, 0xf1, 0x07, 0x3c, 0xee, 0x56,
    0x29, 0xfd, 0xc9, 0x08, 0x5f, 0x09, 0xf6, 0xc2, 0xe1, 0x46, 0x50, 0x4a,
    0x60, 0xfc, 0x4a, 0xe6, 0x21, 0xf5, 0x3c, 0x71, 0x53, 0xc7, 0xcf, 0xb7,
    0xc7, 0xfe, 0xfa, 0xa6, 0x1d, 0xc5, 0x02, 0x4e, 0xe4, 0xd0, 0x12, 0x0e,
    0xec, 0xb7, 0x49, 0x6d, 0x70, 0xd9, 0xed, 0x61, 0x7f, 0x15, 0x26, 0xf6,
    0xea, 0xc5, 0x3c, 0x2f, 0xc2, 0xd5, 0x03, 0xad, 0x3d, 0x36, 0xa0, 0x14,
    0x53, 0xf4, 0x20, 0xc5, 0xc7, 0xaf, 0xa5, 0xdc, 0x90, 0x39, 0xcb, 0xb7,
    0x2f, 0x59, 0xdb, 0x8f, 0xa8, 0xb0, 0x9a, 0x36, 0xaa, 0x85, 0x28, 0x70,
    0x53, 0xe1, 0xf1, 0xfe, 0x40, 0x0a, 0x6f, 0x10, 0xec, 0x0e, 0xec, 0x21,
    0x53, 0x04, 0xcd, 0x26, 0xd3, 0x37, 0x3f, 0xb5, 0xf7, 0x41, 0x2b, 0xe8,
    0x0b, 0x2a, 0xdb, 0xe0, 0xd3, 0xda, 0x62, 0x39, 0x0a, 0xab, 0x30, 0xb9,
    0x4b, 0xf4, 0x0f, 0xd4, 0x64, 0x04, 0xf4, 0xdd, 0xee, 0x5b, 0xf8, 0xe8,
    0x19, 0x67, 0x08, 0xba, 0x22, 0x2d, 0xc6, 0x2b, 0xba, 0x39, 0x05, 0x07,
    0x81, 0x83, 0xd3, 0x24, 0xf9, 0x1e, 0xb4, 0x03, 0x9f, 0xf6, 0xdb, 0xaa,
    0x07, 0xb8, 0x38, 0x9c, 0x8d, 0xb0, 0x32, 0x9a, 0xba, 0x8c, 0x0c, 0x29,
    0x0f, 0x96, 0x89, 0xd1, 0xed, 0x90, 0xb2, 0x18, 0x99, 0x86, 0xe6, 0xe1,
    0xee, 0x14, 0xb5, 0x16, 0xfd, 0x1c, 0x2f, 0x10, 0x66, 0xc5, 0x33, 0xe3,
    0x03, 0xdc, 0x81, 0xdc, 0x29, 0xd1, 0x25, 0xfc, 0xf5, 0x5c, 0xeb, 0xfd,
    0xad, 0x0d, 0xd2, 0x04, 0xb0, 0xe9, 0x14, 0x45, 0xd1, 0x58, 0xd9, 0x01,
    0x3f, 0x26, 0xc4, 0x61, 0xcc, 0xed, 0x43, 0xbb, 0x1c, 0x57, 0x65, 0x22,
    0x5b, 0x16, 0x1c, 0xbf, 0x17, 0x31, 0xc7, 0x05, 0xd5, 0x0c, 0xc5, 0x34,
    0x4e, 0xff, 0xf5, 0x50, 0x27, 0x2c, 0x3d, 0xcb, 0x2f, 0x55, 0xcb, 0xef,
    0xd2, 0xda, 0x36, 0xc7, 0xdb, 0xc0, 0x32, 0x3d, 0x57, 0xe4, 0x5c, 0x2a,
    0x03, 0x3a, 0x21, 0x0e, 0xf0, 0x22, 0x56, 0xef, 0xdb, 0xcb, 0x0c, 0x09,
    0xb7, 0xb2, 0x30, 0xae, 0xee, 0xda, 0x31, 0x3a, 0xed, 0x1e, 0xf7, 0x33,
    0x30, 0xde, 0xdb, 0x2f, 0xc0, 0x0d, 0x15, 0x10, 0xd6, 0xc8, 0xbf, 0x24,
    0xd4, 0xe5, 0x11, 0x21, 0x38, 0x06, 0x22, 0x1f, 0xaf, 0xbf, 0xe7, 0xeb,
    0x0b, 0xb4, 0xaf, 0xe3, 0x0e, 0xda, 0x08, 0x59, 0xfb, 0x59, 0x27, 0x54,
    0x49, 0x32, 0x3e, 0xad, 0x8b, 0x13, 0x3e, 0xb1, 0xbb, 0x4d, 0xe8, 0x1c,
    0x05, 0x49, 0x75, 0x6f, 0x24, 0x2f, 0x4b, 0xb5, 0xbb, 0xc6, 0x9e, 0xc4,
    0xb7, 0xb4, 0x2f, 0xa1, 0x04, 0x3f, 0x0d, 0xd2, 0x9f, 0xf7, 0xe9, 0x02,
    0x38, 0xf3, 0xfa, 0x95, 0xa3, 0x30, 0xf6, 0x1a, 0x4e, 0x81, 0xb6, 0x8a,
    0xb8, 0xc5, 0x82, 0xa1, 0x4a, 0xce, 0x49, 0x92, 0xc4, 0x2c, 0x82, 0x20,
    0xb1, 0x84, 0x22, 0x48, 0x97, 0xbd, 0xfb, 0x36, 0xf7, 0x03, 0x07, 0xc4,
    0x2d, 0xaf, 0x32, 0xe6, 0x32, 0xbf, 0xe1, 0x14, 0xb6, 0x45, 0xff, 0xe2,
    0x2f, 0x3f, 0xb3, 0x25, 0x14, 0x06, 0x59, 0xa1, 0x40, 0x53, 0x51, 0xfd,
    0xcc, 0xfc, 0x39, 0xfa, 0xd9, 0x03, 0x36, 0xdf, 0xc0, 0xf6, 0xbb, 0x5c,
    0x37, 0x0a, 0x1e, 0xa2, 0x0e, 0xba, 0x1c, 0xd1, 0x9f, 0xa7, 0xf2, 0xdc,
    0xe4, 0xc8, 0x3a, 0x0d, 0xcb, 0x2b, 0x21, 0x81, 0xc8, 0x2c, 0xf8, 0x15,
    0xe6, 0x05, 0x37, 0xe9, 0x41, 0xff, 0x91, 0xc3, 0xb6, 0xfa, 0x4e, 0x67,
    0xa3, 0xb4, 0x10, 0xb4, 0xa6, 0x3d, 0xf3, 0xbf, 0x45, 0x36, 0x9c, 0xbe,
    0xea, 0x15, 0x99, 0xc1, 0xc4, 0x10, 0x5b, 0x4e, 0x51, 0x3e, 0x8f, 0xa0,
    0x99, 0x24, 0x0e, 0x38, 0x22, 0x92, 0xf7, 0xec, 0x9d, 0xed, 0xe2, 0xe2,
    0xcf, 0x48, 0x5a, 0xd6, 0xff, 0xfa, 0x46, 0x23, 0xd7, 0xc5, 0x40, 0x01,
    0x45, 0xfb, 0x47, 0x4f, 0xcd, 0x93, 0xde, 0x2e, 0x14, 0xff, 0xb6, 0x10,
    0x1f, 0xb5, 0xc9, 0xee, 0xa5, 0xf4, 0x36, 0xe7, 0xad, 0x27, 0xa5, 0xcc,
    0xe3, 0x35, 0xd2, 0x21, 0x31, 0xd9, 0x19, 0x0b, 0x11, 0xc7, 0xcd, 0xbb,
    0xed, 0x1a, 0xb4, 0x18, 0x5a, 0x4f, 0xbc, 0x9b, 0x3d, 0x96, 0x9e, 0xbf,
    0x8f, 0xc9, 0x97, 0xeb, 0xeb, 0xb6, 0x3a, 0xe6, 0xc7, 0x07, 0xab, 0xb2,
    0xc4, 0x38, 0x1d, 0x40, 0xf5, 0xf2, 0xbc, 0x29, 0xa2, 0xcd, 0x17, 0x2d,
    0x5a, 0x36, 0xbb, 0xb4, 0xae, 0x8e, 0xf7, 0x4a, 0xf0, 0x0c, 0x0b, 0x26,
    0xca, 0x08, 0x55, 0xf8, 0x3f, 0x00, 0xcc, 0xfc, 0xca, 0xf0, 0x37, 0x09,
    0x02, 0x9d, 0x2c, 0x07, 0x42, 0x9f, 0xd7, 0x27, 0x1c, 0x30, 0x65, 0x64,
    0xda, 0xff, 0x4d, 0x13, 0x10, 0x05, 0x16, 0x07, 0x65, 0x24, 0xc1, 0xac,
    0xf4, 0x44, 0xcc, 0xa4, 0x28, 0x37, 0x25, 0xf2, 0x4a, 0x34, 0xd1, 0xfd,
    0x78, 0x64, 0xf7, 0x48, 0x03, 0x11, 0xde, 0x58, 0x5a, 0x73, 0x57, 0xbc,
    0x60, 0x33, 0x94, 0x21, 0xb4, 0x81, 0xa1, 0xd6, 0x23, 0x26, 0xfd, 0xe2,
    0xe2, 0x98, 0x0f, 0x1b, 0xfa, 0xc6, 0x10, 0xcc, 0x10, 0x30, 0x9e, 0x07,
    0x8b, 0xa8, 0xe5, 0xee, 0x1b, 0x00, 0x03, 0x06, 0xe4, 0x2f, 0xe2, 0xdb,
    0xb3, 0xaf, 0xca, 0x2f, 0x45, 0xff, 0x2f, 0xb1, 0xc2, 0x28, 0x32, 0x35,
    0x43, 0xc4, 0xc1, 0xfc, 0x9a, 0xd0, 0x22, 0x94, 0xe9, 0x4d, 0x4f, 0x45,
    0x1c, 0x49, 0xda, 0xce, 0xe5, 0x32, 0x19, 0xbb, 0x21, 0x2e, 0x56, 0xde,
    0x0d, 0xc3, 0xdb, 0x69, 0x14, 0x37, 0x9b, 0xb5, 0x52, 0x3e, 0xcf, 0xda,
    0xec, 0xdd, 0x6d, 0x05, 0xdd, 0xf7, 0x14, 0xce, 0xac, 0x6b, 0xf5, 0x08,
    0x14, 0x5f, 0xb0, 0x15, 0xee, 0x25, 0x37, 0x18, 0x3e, 0x27, 0x68, 0x5e,
    0x08, 0x56, 0xf1, 0x48, 0x95, 0x2d, 0x13, 0xb1, 0x37, 0xb9, 0x05, 0xf9,
    0x32, 0x33, 0xc6, 0x35, 0x58, 0xa6, 0xfe, 0x04, 0xe3, 0x3f, 0x22, 0xf0,
    0x9d, 0xdf, 0xa5, 0xcd, 0x81, 0x98, 0xd7, 0xec, 0xce, 0x0a, 0x2f, 0x49,
    0xf4, 0x5c, 0x51, 0x10, 0xd7, 0x2d, 0xd3, 0x00, 0xfb, 0xbd, 0xb6, 0xf4,
    0xc4, 0x13, 0x0c, 0x13, 0x1e, 0x25, 0xb5, 0xdd, 0x1c, 0x49, 0x05, 0xef,
    0x3b, 0xd8, 0x1e, 0xdd, 0x0a, 0xf6, 0x2b, 0xc3, 0x29, 0x24, 0x07, 0x00,
    0xcd, 0xc8, 0x45, 0x13, 0xbd, 0x45, 0xad, 0x55, 0xc0, 0x4b, 0xce, 0x40,
    0xbb, 0xc6, 0xbe, 0xab, 0x32, 0xa0, 0xb3, 0x3a, 0xaa, 0x1f, 0x64, 0x44,
    0x09, 0x12, 0x5c, 0xf8, 0x3d, 0x53, 0x29, 0x63, 0xfa, 0xd9, 0x13, 0x64,
    0xd0, 0xda, 0xf1, 0x08, 0xb6, 0x5f, 0x52, 0x5c, 0xe0, 0x44, 0x4e, 0xae,
    0xe8, 0x20, 0xfa, 0x23, 0xf0, 0x22, 0x6e, 0x70, 0x20, 0xab, 0x22, 0xea,
    0x5b, 0xc9, 0x11, 0xe6, 0xa4, 0xae, 0xe3, 0xd0, 0x89, 0xf3, 0x43, 0x23,
    0x29, 0xfe, 0x0d, 0xd6, 0x46, 0x3b, 0x8a, 0x81, 0xb2, 0xfb, 0x05, 0x2a,
    0x05, 0x34, 0xad, 0xda, 0x52, 0x56, 0x02, 0xfe, 0xaf, 0xe9, 0xd6, 0x34,
    0x39, 0xc6, 0x4b, 0xa8, 0xd0, 0x30, 0x00, 0xd7, 0x1f, 0xd3, 0xa5, 0xaf,
    0xae, 0x49, 0xcc, 0x4e, 0x40, 0xdb, 0xf7, 0x66, 0xc9, 0x4c, 0x04, 0xba,
    0x48, 0x2d, 0x61, 0x3a, 0x7f, 0xfe, 0x62, 0x56, 0x66, 0xd2, 0x65, 0xe6,
    0xf8, 0xf7, 0x52, 0x4e, 0x5f, 0x11, 0xf8, 0xb4, 0x24, 0xd7, 0x5f, 0x12,
    0x33, 0x0b, 0x2f, 0xb5, 0x7a, 0xcf, 0xf3, 0x64, 0xfb, 0x32, 0xe5, 0x25,
    0x8b, 0x01, 0x72, 0x2a, 0x06, 0xe7, 0x17, 0xd1, 0xc8, 0xf8, 0xe7, 0xed,
    0x32, 0x2e, 0x25, 0xe2, 0xf7, 0x11, 0x38, 0xef, 0x2a, 0xd7, 0xd0, 0x28,
    0xe7, 0x5b, 0xb6, 0x0a, 0x01, 0xb7, 0xe9, 0x55, 0x59, 0xdb, 0xe7, 0x1a,
    0x3c, 0x20, 0xab, 0x37, 0x23, 0xe7, 0xca, 0x1a, 0x36, 0xb3, 0xf8, 0x3f,
    0x6a, 0x63, 0xf4, 0x64, 0x0d, 0x8d, 0x38, 0x1b, 0x3b, 0x10, 0xc8, 0x3c,
    0xda, 0xce, 0x1c, 0xcb, 0x69, 0xed, 0xfb, 0x31, 0x19, 0x14, 0x04, 0xb6,
    0x02, 0x1d, 0xca, 0x2c, 0x36, 0x2a, 0x4b, 0x6c, 0x1e, 0x29, 0x04, 0x08,
    0x1e, 0xb5, 0xb7, 0x43, 0xc0, 0xd6, 0x25, 0xf0, 0xf5, 0xe2, 0x2b, 0x9c,
    0xb7, 0xba, 0xc0, 0xa2, 0xcd, 0x45, 0xdf, 0xf4, 0x13, 0x56, 0x19, 0xc2,
    0xbf, 0x44, 0xc8, 0xeb, 0xb4, 0x46, 0x4a, 0xc0, 0x9c, 0x0a, 0x03, 0x32,
    0x2b, 0x59, 0x3b, 0x53, 0xd1, 0x22, 0xd0, 0x1a, 0xd3, 0xc7, 0x8d, 0x33,
    0x47, 0xdb, 0xdb, 0x09, 0xdc, 0x41, 0x9e, 0x19, 0x96, 0xeb, 0x5b, 0x3f,
    0xf4, 0x42, 0x40, 0xa8, 0x99, 0xe2, 0x9a, 0x3a, 0xca, 0x11, 0x04, 0xae,
    0x3b, 0xeb, 0xc8, 0x55, 0xef, 0xb1, 0x98, 0xb0, 0x81, 0xb4, 0xb4, 0x1e,
    0xba, 0x53, 0x92, 0x51, 0x2e, 0x04, 0xc9, 0xb0, 0xbc, 0xee, 0x3c, 0x60,
    0x59, 0xf7, 0x16, 0x3a, 0x12, 0xec, 0xa4, 0x16, 0x21, 0xee, 0xa9, 0x3e,
    0x18, 0xae, 0x02, 0x91, 0xac, 0xd0, 0xdf, 0xb3, 0xb3, 0xc1, 0xcc, 0xa8,
    0x08, 0xdb, 0xbf, 0xa9, 0x03, 0x12, 0x0a, 0xd2, 0xe0, 0x37, 0x13, 0x31,
    0x0b, 0x0b, 0x39, 0xfe, 0xeb, 0x10, 0xe0, 0xc4, 0xaa, 0x93, 0x3c, 0x19,
    0xed, 0xf3, 0x6c, 0xdd, 0x39, 0x21, 0xfc, 0xee, 0xb6, 0x95, 0xea, 0xd9,
    0x45, 0xb5, 0x3e, 0x3a, 0x20, 0xf1, 0x0b, 0x25, 0xfa, 0xb9, 0x2d, 0xc7,
    0x30, 0x4c, 0x0e, 0xb7, 0xb2, 0x7f, 0xe5, 0x27, 0xbc, 0x0b, 0x01, 0xcf,
    0x17, 0x5a, 0x27, 0x06, 0x21, 0x20, 0xf8, 0xfb, 0xf7, 0x65, 0x19, 0x58,
    0xc9, 0x0d, 0x23, 0x1d, 0xed, 0x04, 0x2a, 0x32, 0xf6, 0x0d, 0x0e, 0xdb,
    0x1a, 0x1d, 0xf8, 0x1e, 0xfc, 0xb0, 0xee, 0xb6, 0xb4, 0x04, 0xa3, 0x03,
    0xa0, 0x33, 0xfe, 0x4f, 0x95, 0xad, 0x04, 0xe8, 0x9f, 0xa1, 0xc4, 0xf3,
    0xec, 0xa8, 0xe0, 0x2c, 0xa3, 0xb3, 0x9c, 0x0a, 0x11, 0xaf, 0x0a, 0x9a,
    0x43, 0xfc, 0x21, 0x2b, 0x4b, 0xa1, 0x04, 0x30, 0xa7, 0xd0, 0xa9, 0xb2,
    0xff, 0x61, 0x3b, 0x64, 0xf5, 0x61, 0x22, 0x1a, 0x5a, 0x3f, 0xdf, 0x35,
    0xa9, 0x34, 0xa5, 0xd1, 0x8a, 0x14, 0x4c, 0x57, 0x4e, 0x0f, 0x09, 0x78,
    0x3d, 0xb7, 0x34, 0x3d, 0x32, 0xab, 0xd6, 0xed, 0x0b, 0x10, 0xcb, 0x81,
    0xe9, 0x4c, 0xfa, 0xa9, 0x05, 0x34, 0x32, 0xbf, 0xcd, 0xc9, 0x34, 0xf1,
    0xa5, 0x4d, 0xc2, 0xe7, 0xc6, 0x98, 0x9e, 0x37, 0xef, 0xf1, 0xd4, 0x42,
    0xa2, 0x2b, 0xf6, 0xcd, 0xd0, 0xba, 0x15, 0xcd, 0xf7, 0x0e, 0x50, 0xf8,
    0x1b, 0x97, 0x92, 0x0f, 0xa7, 0x24, 0x09, 0xe8, 0x68, 0xf7, 0x6e, 0xed,
    0x52, 0x60, 0xfb, 0x24, 0xc1, 0xc0, 0x60, 0x1b, 0x15, 0xf9, 0xfb, 0x22,
    0x28, 0x40, 0x28, 0x1e, 0x22, 0x22, 0x0a, 0xe6, 0xb6, 0x37, 0x0d, 0xbc,
    0x07, 0x4c, 0x12, 0x9a, 0x37, 0xe6, 0x46, 0xe7, 0xab, 0x47, 0xb9, 0x19,
    0xd8, 0x48, 0xb6, 0x57, 0x11, 0xc5, 0x2b, 0x18, 0x07, 0x95, 0xd3, 0xaa,
    0x24, 0xa3, 0xfe, 0xd3, 0x2d, 0x0d, 0xc7, 0xe1, 0x90, 0xc4, 0x4a, 0x65,
    0x21, 0xeb, 0x3c, 0x21, 0x2d, 0xfc, 0x18, 0xd2, 0x76, 0x47, 0xbe, 0xb8,
    0xe3, 0xdd, 0x85, 0x81, 0x4c, 0xe6, 0x50, 0x0d, 0x63, 0xaf, 0x6a, 0xd4,
    0x27, 0x38, 0xb0, 0x2a, 0xdd, 0xb0, 0x27, 0x94, 0x65, 0x12, 0xac, 0x02,
    0x8f, 0xa2, 0x4a, 0x4d, 0x19, 0x4b, 0x31, 0x3b, 0x41, 0x11, 0x43, 0x3d,
    0x75, 0xe9, 0xc0, 0xe3, 0xa1, 0xb0, 0x14, 0xf2, 0x0e, 0x0d, 0x0a, 0x41,
    0xe7, 0x1d, 0x9b, 0xdf, 0x31, 0xab, 0x48, 0x4e, 0x60, 0xcd, 0x45, 0x17,
    0x19, 0xfc, 0xeb, 0x25, 0x28, 0x39, 0x26, 0x63, 0x29, 0x54, 0xdf, 0x0c,
    0x21, 0x2b, 0xf8, 0x1a, 0xeb, 0xa9, 0xbf, 0x3f, 0xf8, 0x31, 0x0d, 0x36,
    0xde, 0xf0, 0xe5, 0xdd, 0xa1, 0x47, 0x61, 0xbb, 0x5c, 0xa8, 0xbf, 0x86,
    0xd2, 0x01, 0x01, 0x32, 0xf7, 0x9f, 0xbf, 0x41, 0xa9, 0x90, 0x38, 0xf2,
    0x08, 0xc7, 0xe4, 0xcf, 0xd2, 0x1a, 0x6e, 0x4a, 0x04, 0xfc, 0x39, 0x5f,
    0x78, 0x0c, 0xfe, 0xcc, 0x4f, 0x34, 0x0a, 0x44, 0xc9, 0xc8, 0x4a, 0x24,
    0xf5, 0x0d, 0x56, 0x33, 0x9b, 0x54, 0x3d, 0xf8, 0xbf, 0xd6, 0xe0, 0x37,
    0x30, 0xc3, 0x0c, 0x64, 0xd4, 0xd2, 0x18, 0x2b, 0xc3, 0x9b, 0x36, 0x2c,
    0x45, 0x41, 0x2d, 0xd8, 0xd4, 0x2e, 0x18, 0xab, 0x1c, 0xbb, 0x07, 0xf9,
    0xeb, 0x9f, 0xf3, 0x4c, 0x0d, 0xff, 0x7f, 0x57, 0x3c, 0x4e, 0xc5, 0x6c,
    0x58, 0xc4, 0x16, 0xb2, 0x31, 0x24, 0xab, 0x0b, 0x22, 0xa6, 0x24, 0x17,
    0xf8, 0x30, 0xf2, 0xa9, 0x53, 0xfd, 0x5e, 0x2d, 0xbf, 0x07, 0x32, 0xc5,
    0x3d, 0x11, 0x5b, 0xe0, 0x46, 0xbf, 0xe0, 0x32, 0x57, 0x4e, 0xb9, 0x0b,
    0xbb, 0x1b, 0xdb, 0xb7, 0x0d, 0xc8, 0x23, 0x64, 0xdb, 0xbf, 0xff, 0x61,
    0xdb, 0x06, 0xdb, 0xd1, 0x0b, 0xc5, 0x00, 0xc8, 0x9b, 0x1b, 0x3c, 0x13,
    0xd8, 0xfd, 0x55, 0xcb, 0xfc, 0x11, 0xa3, 0x4c, 0x8a, 0x0f, 0xdf, 0x88,
    0x22, 0xe9, 0xe5, 0xcf, 0x49, 0x4a, 0x17, 0xb7, 0xb9, 0x60, 0x63, 0x4a,
    0x3a, 0x61, 0x2a, 0x17, 0xff, 0x14, 0x9e, 0xe3, 0xe6, 0xef, 0xb4, 0xe7,
    0x0e, 0x24, 0xd5, 0x40, 0x56, 0x37, 0x90, 0x4c, 0x9a, 0xf6, 0x99, 0xbe,
    0xbf, 0xdc, 0x17, 0x3a, 0xb8, 0x33, 0x3c, 0xe9, 0x89, 0x9d, 0xf8, 0x2b,
    0xb6, 0xdb, 0xe6, 0x51, 0xbd, 0xc4, 0xb6, 0x45, 0xaa, 0x81, 0xcf, 0xc8,
    0xec, 0x48, 0xb0, 0xba, 0xb0, 0x8f, 0x11, 0x5d, 0xa4, 0xa2, 0x51, 0x89,
    0xc4, 0xaa, 0x45, 0x19, 0xec, 0x17, 0x09, 0xce, 0xf5, 0xb5, 0x3e, 0xb9,
    0x88, 0xd2, 0xee, 0xc2, 0xc9, 0xe1, 0xd9, 0xcf, 0xa2, 0x96, 0x20, 0xb5,
    0xe2, 0xd1, 0xe0, 0x39, 0xe1, 0xd0, 0x10, 0xe6, 0x06, 0xcd, 0xfa, 0x61,
    0x34, 0x43, 0x36, 0xd6, 0xf3, 0x27, 0x31, 0xac, 0x26, 0xdc, 0x5f, 0x37,
    0x20, 0xc2, 0xa6, 0x82, 0xc9, 0xa8, 0xb3, 0xb5, 0xd9, 0xe2, 0xa2, 0xa7,
    0xdb, 0xee, 0x3a, 0x43, 0x75, 0x60, 0xc7, 0xe4, 0x77, 0xc8, 0x07, 0x66,
    0x17, 0x35, 0xfd, 0xab, 0x1e, 0xe7, 0x1d, 0x63, 0xb8, 0xf9, 0x98, 0x6a,
    0x7c, 0xf2, 0xd4, 0x03, 0xbb, 0xa9, 0x40, 0xfa, 0x11, 0xf2, 0xc0, 0xb2,
    0x9a, 0xde, 0xbe, 0xda, 0x0d, 0x4d, 0x4a, 0xe5, 0xb1, 0x8e, 0xae, 0xcf,
    0xc2, 0x0b, 0xa6, 0xad, 0xe9, 0x81, 0x2c, 0xce, 0x37, 0xc3, 0xd9, 0x4c,
    0xb2, 0x9e, 0xa7, 0x21, 0xc3, 0x11, 0x23, 0xd8, 0xeb, 0xf6, 0xfc, 0x1f,
    0x55, 0x3c, 0xbd, 0x19, 0x9d, 0x4d, 0xc7, 0xde, 0xd4, 0xbe, 0x26, 0x05,
    0xfa, 0x40, 0x19, 0x33, 0x9a, 0x5c, 0xd9, 0xe8, 0xc7, 0x26, 0xbd, 0x99,
    0x18, 0xa4, 0xdb, 0x26, 0xff, 0xf7, 0xce, 0xac, 0x96, 0x0d, 0xbb, 0xcc,
    0x7d, 0x11, 0x4b, 0x6a, 0xe1, 0x13, 0xca, 0xbc, 0xa2, 0xfd, 0x38, 0x13,
    0xe5, 0xf9, 0x0b, 0x24, 0x1f, 0x4e, 0xdb, 0x48, 0xc7, 0x3b, 0x3f, 0x34,
    0x45, 0xab, 0x9d, 0xc4, 0xf4, 0x42, 0xfc, 0xd3, 0x45, 0x50, 0x04, 0x45,
    0xe3, 0x16, 0x13, 0x3c, 0x0f, 0xaa, 0xf9, 0xd3, 0x38, 0x11, 0xda, 0x59,
    0xba, 0x27, 0x43, 0xe0, 0x44, 0xdf, 0xea, 0xb1, 0x9e, 0xb4, 0xbf, 0xa3,
    0xe8, 0x8a, 0x88, 0xd5, 0x22, 0x51, 0xe5, 0x20, 0xad, 0xa4, 0xb1, 0x97,
    0x02, 0xf4, 0x90, 0xdb, 0x2b, 0xf2, 0xb3, 0xff, 0xf2, 0xcc, 0x03, 0x25,
    0x94, 0x12, 0x43, 0x02, 0x47, 0x49, 0x23, 0xd6, 0x58, 0xdb, 0xeb, 0x12,
    0x90, 0xe5, 0x8d, 0xfc, 0x07, 0x06, 0x2f, 0xc7, 0x2d, 0x20, 0xc1, 0xd5,
    0xe7, 0x03, 0xa9, 0x1e, 0x81, 0x57, 0x9e, 0x2b, 0xd3, 0x91, 0x2f, 0xb2,
    0xba, 0xdd, 0x9c, 0xc2, 0x4b, 0xe6, 0x27, 0xd6, 0x49, 0x46, 0x01, 0x30,
    0x98, 0xf9, 0x9c, 0x0b, 0xa0, 0xb5, 0x0e, 0x21, 0xe0, 0xb7, 0xd2, 0x67,
    0xb8, 0xb4, 0xd6, 0xf2, 0xff, 0x11, 0x61, 0x4e, 0x35, 0x8f, 0xbb, 0xcf,
    0x8c, 0xd9, 0x0a, 0xb9, 0x25, 0x30, 0x41, 0x92, 0x57, 0x1b, 0xd7, 0x23,
    0x44, 0x4d, 0x1c, 0xe2, 0x39, 0xdb, 0x07, 0xf5, 0xbb, 0x0c, 0x8f, 0xee,
    0x2d, 0x0d, 0xd6, 0xd8, 0x20, 0xc0, 0x1b, 0xc9, 0xe7, 0x18, 0x0a, 0x39,
    0x27, 0x36, 0x0b, 0x44, 0x2a, 0x54, 0x99, 0xe2, 0x33, 0xcb, 0xc7, 0x21,
    0xd7, 0xac, 0x64, 0xa5, 0x05, 0xe0, 0x09, 0x29, 0xd5, 0xb8, 0x17, 0x14,
    0xf0, 0xf9, 0x4d, 0x40, 0x90, 0x0d, 0xf4, 0x94, 0x05, 0xc2, 0xcf, 0xe7,
    0xa5, 0x06, 0xa6, 0xa5, 0x06, 0xe7, 0x81, 0xb0, 0x30, 0x2c, 0x2f, 0xc8,
    0xbb, 0x3e, 0xe2, 0xc0, 0x9e, 0x90, 0xa9, 0xac, 0x08, 0xbf, 0xcb, 0x9c,
    0x84, 0x30, 0x01, 0xf6, 0xbe, 0x58, 0x23, 0xbe, 0x4c, 0xb0, 0x59, 0xf6,
    0xc0, 0xcf, 0xc0, 0x06, 0x49, 0x2d, 0x27, 0xc9, 0x1f, 0x42, 0xae, 0xba,
    0x12, 0x66, 0x02, 0x2c, 0x70, 0x7f, 0xc6, 0xed, 0x24, 0x43, 0x05, 0xd0,
    0x2e, 0x61, 0x29, 0x27, 0x46, 0x79, 0x58, 0xd5, 0xfa, 0x14, 0x4b, 0x9b,
    0xb8, 0x3c, 0x13, 0x40, 0xff, 0x1e, 0x0d, 0x1b, 0x04, 0x52, 0xe2, 0x07,
    0x06, 0x96, 0x66, 0x04, 0x22, 0x02, 0xbe, 0x2f, 0x38, 0x4b, 0xcb, 0xc7,
    0xed, 0xcd, 0x3a, 0xb0, 0xdf, 0xb7, 0x4c, 0x03, 0x6d, 0x3f, 0x2e, 0x40,
    0x4f, 0xec, 0x24, 0xf4, 0x84, 0x55, 0xcf, 0xbf, 0x70, 0x9c, 0x41, 0x9e,
    0x8a, 0x40, 0x4e, 0xb6, 0x43, 0x5b, 0xec, 0xfb, 0x6e, 0xec, 0x7e, 0xf9,
    0x71, 0x96, 0xdf, 0x99, 0xcc, 0xfd, 0xf0, 0xf9, 0x36, 0xce, 0x0a, 0xcb,
    0x86, 0x49, 0xc5, 0xe3, 0x4d, 0x1c, 0x58, 0xdd, 0xd7, 0xa8, 0xac, 0x1a,
    0x41, 0xb5, 0x6a, 0xa7, 0xc5, 0x75, 0x3c, 0x10, 0xb5, 0x4e, 0xca, 0xc2,
    0x9f, 0xfa, 0xd5, 0xbc, 0x8f, 0xd8, 0xe7, 0xef, 0x5a, 0x6a, 0x0d, 0xe4,
    0x64, 0x7c, 0x48, 0xd1, 0xc9, 0xca, 0xc8, 0x39, 0xe3, 0x4e, 0x30, 0x3c,
    0x09, 0xe7, 0x39, 0xe3, 0xd3, 0x62, 0x66, 0x3e, 0xec, 0xe2, 0xf2, 0xdc,
    0xe3, 0xbd, 0xa5, 0x4d, 0xf6, 0xf1, 0xea, 0x91, 0x0d, 0x0b, 0xc4, 0x3a,
    0xe3, 0x00, 0x95, 0x84, 0x70, 0xff, 0x40, 0x0a, 0x15, 0x3a, 0x62, 0xc2,
    0x51, 0x09, 0x1e, 0xc8, 0xcf, 0x92, 0x6f, 0x51, 0x8a, 0xe3, 0xf5, 0xc2,
    0xd2, 0xe7, 0xb1, 0x20, 0xb7, 0x71, 0x00, 0xa6, 0xc9, 0xdc, 0xde, 0xd0,
    0x72, 0x6b, 0x10, 0x15, 0x0b, 0xf8, 0xd5, 0x74, 0x59, 0x5f, 0x7a, 0x62,
    0x2c, 0x69, 0x43, 0x0c, 0x81, 0x41, 0xe5, 0x63, 0xf2, 0x6c, 0xbe, 0x7e,
    0x00, 0x70, 0x04, 0x9d, 0x0b, 0x77, 0xe5, 0x44, 0x10, 0xf0, 0xf7, 0xfe,
    0x25, 0x8c, 0x49, 0x2e, 0xad, 0x29, 0x1e, 0x4f, 0xd0, 0xb7, 0xa1, 0x23,
    0x53, 0x27, 0x51, 0x24, 0xbb, 0x1b, 0xde, 0xac, 0x02, 0x11, 0xbe, 0x43,
    0xb1, 0x51, 0xc3, 0xad, 0xd1, 0xbf, 0xee, 0x98, 0x16, 0xfa, 0xca, 0xe7,
    0x1c, 0xca, 0xad, 0xcd, 0xf4, 0x27, 0x1e, 0x0d, 0x38, 0xd3, 0x2a, 0xb4,
    0x39, 0x5b, 0x9d, 0x54, 0x4e, 0x42, 0xce, 0x42, 0xa4, 0x22, 0x23, 0x09,
    0x29, 0x8f, 0x52, 0x9c, 0xca, 0xe2, 0x36, 0x2c, 0x58, 0x2d, 0x62, 0x30,
    0x51, 0xd1, 0x61, 0x52, 0x4f, 0x0a, 0xe3, 0x11, 0xcc, 0xc7, 0xf1, 0xfb,
    0x7f, 0xb1, 0x30, 0x60, 0x30, 0x37, 0x6e, 0x1d, 0xe5, 0x2f, 0x38, 0xf0,
    0x11, 0x1a, 0x47, 0xa9, 0x49, 0xa9, 0xeb, 0x2b, 0x0e, 0x14, 0xdf, 0x10,
    0x4b, 0x06, 0x6b, 0x49, 0x0b, 0xe5, 0xcf, 0x2a, 0xdc, 0xc1, 0x9a, 0xab,
    0x9d, 0x10, 0x33, 0x41, 0x19, 0xca, 0xb6, 0x17, 0x93, 0xf5, 0xb8, 0x8d,
    0x03, 0xcc, 0xb1, 0xfd, 0x47, 0x5b, 0xf2, 0xe8, 0xde, 0x2e, 0x54, 0x2c,
    0x09, 0x79, 0x95, 0xab, 0x7c, 0x27, 0xa1, 0x4e, 0x29, 0x70, 0x62, 0x2e,
    0x96, 0x55, 0xdf, 0x08, 0xa7, 0x08, 0x90, 0xda, 0xd5, 0xa8, 0xa9, 0x3d,
    0xfd, 0xff, 0x60, 0x38, 0x0a, 0x10, 0x9e, 0x8a, 0xaf, 0x2b, 0xab, 0x87,
    0x81, 0xbc, 0x2d, 0xf8, 0xff, 0x55, 0x00, 0x99, 0xcd, 0x6e, 0x96, 0x91,
    0x34, 0x00, 0x2c, 0x52, 0x88, 0xc9, 0xe3, 0xc4, 0x28, 0x4e, 0xb4, 0x5f,
    0x71, 0x9b, 0x5a, 0x3a, 0x3c, 0x8a, 0xdb, 0x10, 0x63, 0x24, 0x57, 0x3a,
    0x05, 0x04, 0xfb, 0x69, 0x3c, 0x0f, 0xcd, 0x28, 0x3c, 0x6c, 0x4d, 0xdf,
    0x0a, 0xf7, 0x06, 0x32, 0x6f, 0x2b, 0x12, 0xdd, 0x40, 0xd1, 0xa4, 0x58,
    0xef, 0xd2, 0x17, 0xf0, 0x24, 0x78, 0x36, 0xe5, 0xf2, 0xf5, 0x75, 0xc4,
    0xf1, 0x2d, 0x31, 0xbc, 0xca, 0x9e, 0x5e, 0x7b, 0xdb, 0x39, 0x9f, 0xcd,
    0x76, 0xcb, 0xd8, 0xf3, 0x24, 0x52, 0xe4, 0xb8, 0x7c, 0xed, 0xbd, 0xe4,
    0x9e, 0xc1, 0x4b, 0x16, 0x96, 0x9a, 0x47, 0x8c, 0x0e, 0x9d, 0x1e, 0xd9,
    0xf4, 0x96, 0xb8, 0xe2, 0xd5, 0x9a, 0xfe, 0xc1, 0xb0, 0xdc, 0x20, 0x1f,
    0x0b, 0xd4, 0x9b, 0xf2, 0xa8, 0xa3, 0x39, 0xf7, 0x56, 0xab, 0xb0, 0xf9,
    0xc9, 0x2a, 0x81, 0x0c, 0x40, 0xaa, 0x29, 0xa9, 0xa4, 0xab, 0x54, 0xbe,
    0xe7, 0xc7, 0xea, 0xea, 0x33, 0xf3, 0x26, 0x92, 0x28, 0xfc, 0x16, 0xc5,
    0xd8, 0xdf, 0xac, 0xec, 0xef, 0x44, 0x61, 0xdc, 0xb1, 0x9a, 0xcd, 0x1c,
    0xa0, 0x14, 0xa5, 0xba, 0x37, 0xdb, 0xac, 0x8b, 0x16, 0xeb, 0xb3, 0xec,
    0xe0, 0x20, 0xa3, 0x35, 0xca, 0xd3, 0x31, 0xd2, 0xaa, 0xea, 0xe5, 0xfe,
    0x8e, 0x03, 0x4d, 0xae, 0xa4, 0xad, 0xe3, 0x4d, 0xa1, 0xb2, 0x47, 0xca,
    0x4e, 0xd8, 0xea, 0xc0, 0xf6, 0x20, 0xb9, 0x3b, 0x21, 0x5c, 0x2c, 0x41,
    0x9e, 0x71, 0x0c, 0x5c, 0xd7, 0xdd, 0xaf, 0x37, 0x34, 0xa3, 0x07, 0xf1,
    0x63, 0xbe, 0xb3, 0x05, 0xa5, 0xd4, 0xe8, 0x16, 0x01, 0x53, 0x52, 0xec,
    0x9d, 0xa6, 0x7b, 0x20, 0x02, 0x54, 0x05, 0xad, 0xd7, 0x48, 0x1b, 0xf6,
    0xf3, 0x1e, 0x4a, 0x99, 0x8a, 0xcc, 0x26, 0xef, 0x8c, 0x05, 0x8f, 0xad,
    0xaf, 0xc7, 0x81, 0x30, 0xf9, 0x33, 0x83, 0x1b, 0xe7, 0xe3, 0x1c, 0xd7,
    0xc4, 0x62, 0xdc, 0x39, 0xd9, 0xae, 0x18, 0xbf, 0x00, 0xbc, 0xec, 0x79,
    0x35, 0x16, 0x2f, 0xb4, 0xf5, 0x7c, 0x34, 0x19, 0xb1, 0xca, 0x30, 0xde,
    0x4a, 0x24, 0x9b, 0x5d, 0xd2, 0x13, 0x0f, 0x59, 0xa2, 0x69, 0xb5, 0xbb,
    0xac, 0x2e, 0x5f, 0xf7, 0xeb, 0xc7, 0xa7, 0xe7, 0xee, 0x15, 0x1c, 0xb0,
    0x18, 0x5d, 0x51, 0x10, 0xe1, 0x45, 0xf0, 0xea, 0x5d, 0x96, 0x81, 0x28,
    0xdb, 0xb5, 0x14, 0x13, 0xfc, 0x18, 0xc4, 0x5c, 0x1a, 0x95, 0x9b, 0x0b,
    0xb0, 0xde, 0x14, 0x41, 0x01, 0x08, 0xaf, 0x4f, 0xf3, 0x6b, 0xbe, 0xd3,
    0x31, 0x45, 0xcd, 0xfb, 0x07, 0x24, 0x2b, 0xd4, 0x19, 0xf5, 0xca, 0x1b,
    0xaa, 0x01, 0x87, 0xc4, 0xe7, 0x0f, 0x01, 0x2d, 0xe0, 0xaa, 0x57, 0xe5,
    0x15, 0x45, 0xc8, 0x05, 0xc2, 0x49, 0xb9, 0x32, 0xdb, 0xea, 0x3e, 0x1e,
    0x00, 0x68, 0xe1, 0x25, 0x26, 0x53, 0x5f, 0x2c, 0xe0, 0xda, 0x51, 0x1d,
    0xaf, 0x41, 0xf7, 0xf8, 0x2a, 0x98, 0xab, 0x0f, 0x30, 0x99, 0x1c, 0x61,
    0x38, 0x58, 0x1d, 0xf0, 0x6c, 0x51, 0x5e, 0x5c, 0x37, 0x14, 0x98, 0xf7,
    0xf9, 0xbf, 0x35, 0xd0, 0x17, 0x49, 0xd6, 0xd6, 0x12, 0x65, 0x64, 0x0f,
    0x73, 0x4a, 0xbb, 0xdb, 0xdf, 0xd0, 0xe1, 0x95, 0xd2, 0x3f, 0xf5, 0xec,
    0x1d, 0xdc, 0xf6, 0x50, 0xa4, 0xb7, 0x51, 0x18, 0x56, 0x41, 0xf3, 0x19,
    0x4c, 0x09, 0x0d, 0x8c, 0xb2, 0x08, 0xe1, 0xc0, 0x58, 0x52, 0xb8, 0xf2,
    0x6f, 0xe2, 0x53, 0xb1, 0x04, 0x00, 0xd0, 0x29, 0x0c, 0x4b, 0xd7, 0x9d,
    0xab, 0x29, 0xf5, 0x10, 0xdb, 0x9a, 0x81, 0xfc, 0xe2, 0xeb, 0x21, 0xdc,
    0xd4, 0x12, 0x3a, 0x68, 0x37, 0xe3, 0xf7, 0xed, 0x4f, 0xed, 0xab, 0x50,
    0x3f, 0xf6, 0x49, 0xe7, 0xcd, 0xf8, 0xf0, 0xd4, 0x3f, 0x35, 0xd0, 0xd5,
    0x4e, 0x9c, 0x9b, 0xa0, 0x37, 0x0c, 0xca, 0x19, 0xfa, 0xbd, 0xc4, 0xc0,
    0x2a, 0xa9, 0x09, 0x17, 0x5e, 0x57, 0x5e, 0xfb, 0xca, 0x41, 0x03, 0xcc,
    0xeb, 0xdc, 0x3c, 0xc3, 0x30, 0xa3, 0x3f, 0x9f, 0x28, 0x97, 0xcd, 0x4a,
    0xe4, 0xe6, 0xe2, 0xae, 0x30, 0x3e, 0xd3, 0xf1, 0xe8, 0xf8, 0xb5, 0xe1,
    0x1e, 0xee, 0x4f, 0xa0, 0xa0, 0xf2, 0xdf, 0xe6, 0x7f, 0x4c, 0x3e, 0x66,
    0x26, 0x2e, 0xc4, 0x50, 0x1d, 0xe9, 0xf9, 0x9d, 0x8d, 0xca, 0xff, 0x28,
    0x25, 0xbd, 0x16, 0x6a, 0x3b, 0xd3, 0xba, 0x73, 0x56, 0x23, 0x06, 0xbd,
    0xda, 0xf9, 0xad, 0xe8, 0x27, 0x37, 0xed, 0xfa, 0xa7, 0x09, 0x0b, 0xeb,
    0xf0, 0xae, 0xfa, 0x0a, 0x56, 0x0d, 0x20, 0x96, 0xde, 0xb0, 0x4b, 0x3b,
    0xc8, 0xe2, 0x2f, 0xa6, 0x32, 0xb8, 0xae, 0x8f, 0x94, 0xda, 0xb0, 0x19,
    0xc2, 0xf8, 0x0b, 0xba, 0xdf, 0xe6, 0xab, 0xd1, 0x4a, 0xad, 0x37, 0xc8,
    0xd2, 0x11, 0xcc, 0xb0, 0x0b, 0xd4, 0x30, 0xf1, 0x1e, 0xb5, 0xd3, 0xb4,
    0x33, 0xc8, 0xb7, 0x4d, 0x12, 0x32, 0x22, 0x46, 0x4b, 0xc3, 0xa2, 0x04,
    0x34, 0xaf, 0x4a, 0x3d, 0x00, 0xad, 0x3d, 0x46, 0xe4, 0xb6, 0x97, 0xe0,
    0x2b, 0xfc, 0xaf, 0xa1, 0xdd, 0x06, 0xf6, 0x24, 0xdd, 0x52, 0x03, 0xa0,
    0xc5, 0x9d, 0xfe, 0xaf, 0xd4, 0x20, 0xc4, 0xfb, 0x48, 0x0c, 0x6f, 0x1b,
    0x6b, 0x57, 0x08, 0x47, 0x04, 0xd8, 0x28, 0xb0, 0xb9, 0x01, 0xeb, 0x55,
    0xbe, 0x1c, 0x2d, 0xdd, 0x46, 0x56, 0x00, 0xff, 0x0c, 0x00, 0x3b, 0x49,
    0x15, 0x97, 0x2b, 0x1f, 0x59, 0x2a, 0xed, 0xdd, 0xf9, 0xb4, 0x3e, 0xd7,
    0x31, 0xb2, 0xdb, 0x8a, 0xd0, 0x3c, 0xb7, 0x39, 0xc7, 0xbe, 0x44, 0xfd,
    0x48, 0xc3, 0x19, 0x5b, 0x58, 0x10, 0xfd, 0x3b, 0x34, 0x65, 0x24, 0xe1,
    0xe7, 0x73, 0xe8, 0xe5, 0xe8, 0xc9, 0x17, 0x9f, 0x42, 0xa8, 0xa7, 0xe1,
    0xfc, 0xad, 0xe6, 0x8f, 0x0a, 0x00, 0x12, 0xab, 0x0b, 0x41, 0x8e, 0x09,
    0xd1, 0xf4, 0xff, 0x90, 0xfa, 0x81, 0xdd, 0x14, 0xcf, 0xb8, 0x8e, 0x47,
    0x33, 0x2a, 0x3e, 0xd7, 0x92, 0x10, 0x1b, 0x0a, 0x14, 0xd8, 0xc4, 0x14,
    0x2b, 0x12, 0x4e, 0xd7, 0xf9, 0xf7, 0x46, 0xb7, 0x0e, 0xc8, 0xc7, 0xd0,
    0xec, 0xb8, 0x28, 0xc3, 0xe0, 0xba, 0x93, 0xdd, 0x28, 0x1b, 0xbf, 0xbd,
    0xf2, 0xb4, 0xed, 0x0e, 0xb8, 0xbb, 0x3b, 0xe6, 0xea, 0x35, 0x25, 0xad,
    0xe9, 0x1e, 0xd1, 0xf0, 0xae, 0xc1, 0x11, 0xe9, 0x13, 0x4b, 0x1b, 0xc3,
    0xd1, 0xd3, 0xb3, 0x1f, 0xb5, 0x11, 0x1a, 0x4f, 0xbc, 0x1c, 0x17, 0x22,
    0x9a, 0x48, 0xea, 0xb0, 0x1b, 0x1e, 0x5a, 0xdc, 0x52, 0x2f, 0x02, 0xba,
    0x4d, 0x4b, 0xfa, 0xc3, 0xd8, 0xef, 0xfe, 0x2f, 0x2c, 0x46, 0xe0, 0x64,
    0x6d, 0xbe, 0x03, 0xd1, 0x0d, 0x2c, 0x00, 0x39, 0x9b, 0x08, 0xd8, 0x8f,
    0x85, 0xfe, 0xdf, 0xe1, 0xe3, 0x4b, 0x8e, 0x42, 0x02, 0x00, 0x89, 0xa3,
    0xb2, 0xe3, 0xb0, 0xed, 0xf5, 0x30, 0x2a, 0xed, 0xf1, 0xfa, 0x81, 0x92,
    0x9c, 0x22, 0xbc, 0xe0, 0x8f, 0xa9, 0xf8, 0x9a, 0xb7, 0x18, 0x40, 0x0b,
    0x35, 0xc5, 0x4b, 0xed, 0x8e, 0x32, 0xa2, 0x3d, 0x09, 0xf4, 0x2d, 0x65,
    0x27, 0x03, 0xc9, 0x30, 0xe1, 0x37, 0xfd, 0x3a, 0xea, 0x2e, 0x8f, 0x3a,
    0x18, 0x58, 0xf2, 0xa3, 0x14, 0x12, 0x5b, 0xf2, 0xf7, 0x3f, 0xd6, 0x34,
    0x9f, 0xa0, 0x4f, 0x08, 0xbd, 0xc6, 0xa5, 0x37, 0xd5, 0x1e, 0xbe, 0x1c,
    0x28, 0x81, 0xcd, 0x9c, 0xd2, 0x24, 0xcf, 0xd6, 0xe3, 0x95, 0xce, 0x11,
    0x19, 0x0e, 0xe3, 0x4f, 0xcd, 0x30, 0x3c, 0x16, 0x51, 0xcf, 0xaa, 0x2a,
    0xd4, 0x1d, 0xfe, 0x13, 0x0b, 0x05, 0xc9, 0x59, 0xae, 0xeb, 0xd6, 0xe5,
    0xe3, 0x9b, 0xb0, 0xdb, 0xbe, 0x91, 0x38, 0x92, 0xa6, 0x38, 0x34, 0xf3,
    0x20, 0x03, 0x5c, 0xd8, 0xb5, 0xcb, 0x31, 0x37, 0xef, 0x05, 0x00, 0x2b,
    0xff, 0x31, 0xcf, 0xfa, 0xc2, 0x43, 0xb8, 0xb1, 0x2f, 0x23, 0xc2, 0x00,
    0xdf, 0xc7, 0x23, 0xe4, 0xa5, 0x31, 0xd4, 0xc7, 0x33, 0xba, 0xea, 0xae,
    0x31, 0x2a, 0xfa, 0x9e, 0x2d, 0xd4, 0xf9, 0x28, 0x9b, 0x27, 0x20, 0x17,
    0xd2, 0x7b, 0xf6, 0xfe, 0xc6, 0x58, 0x3b, 0x03, 0x5e, 0x03, 0x60, 0x32,
    0x7f, 0x50, 0xa7, 0x95, 0xe8, 0x3b, 0xcd, 0x05, 0x30, 0xee, 0x6b, 0x1d,
    0x33, 0x3c, 0xc7, 0x0d, 0x26, 0x5a, 0xca, 0xc2, 0xb1, 0x9f, 0x03, 0x63,
    0xd9, 0xcd, 0x30, 0x14, 0xe1, 0x3a, 0xd3, 0x61, 0x39, 0x63, 0xf1, 0x00,
    0x55, 0xcb, 0x31, 0x65, 0x29, 0xd8, 0x21, 0xe9, 0x13, 0x63, 0x71, 0xc2,
    0x68, 0xf9, 0xd2, 0x39, 0xc6, 0xc8, 0xd8, 0x05, 0x34, 0x5c, 0xa4, 0x1d,
    0x2e, 0x51, 0xfa, 0xd5, 0x23, 0x54, 0x03, 0x00, 0xf2, 0x66, 0x0a, 0x12,
    0xef, 0xf7, 0xcb, 0xb5, 0x15, 0x11, 0xe4, 0x40, 0x4d, 0xf1, 0x15, 0xf7,
    0x01, 0xeb, 0xd1, 0x9d, 0x01, 0xfd, 0x8b, 0x1d, 0x05, 0xbc, 0xa1, 0x09,
    0x55, 0x43, 0xaf, 0x31, 0x00, 0x02, 0xd2, 0xd0, 0x0b, 0xa8, 0xd8, 0x31,
    0x0c, 0xb9, 0x6a, 0xce, 0x22, 0xa2, 0xea, 0x59, 0xa9, 0xf2, 0x1d, 0x0c,
    0xfa, 0x31, 0x29, 0xd2, 0x47, 0x39, 0x31, 0x97, 0x6f, 0x38, 0x5a, 0x09,
    0xa6, 0xd6, 0x12, 0x67, 0xde, 0x28, 0xea, 0x17, 0x5b, 0xbc, 0x1e, 0xfa,
    0x09, 0xf7, 0x2f, 0x70, 0x7a, 0xc2, 0x52, 0x6d, 0xfd, 0xeb, 0xe5, 0xe9,
    0xdd, 0x3e, 0x47, 0xc8, 0xb1, 0x6e, 0x8e, 0x34, 0xf3, 0x58, 0x21, 0xa2,
    0x4a, 0xb5, 0x9a, 0xd8, 0xdd, 0xb2, 0x23, 0x34, 0x5e, 0xad, 0x68, 0x99,
    0x9e, 0x49, 0x1b, 0xbf, 0xc0, 0x99, 0x4f, 0x40, 0x29, 0xd4, 0x61, 0x52,
    0xd7, 0x51, 0x09, 0xe0, 0xbe, 0x42, 0x52, 0xdd, 0x76, 0xbb, 0xab, 0x28,
    0x09, 0x21, 0xbf, 0xf3, 0x7f, 0x37, 0xae, 0x13, 0xb0, 0x3a, 0x5e, 0xf9,
    0xc8, 0x19, 0x70, 0xd4, 0x9b, 0x29, 0x22, 0x10, 0xd5, 0xf5, 0x2e, 0xac,
    0x3d, 0xd9, 0x06, 0xba, 0x3e, 0x4b, 0x48, 0x5f, 0x63, 0xd2, 0x6b, 0x1a,
    0x23, 0xed, 0xf5, 0x51, 0x2a, 0x2e, 0x08, 0x64, 0x0d, 0xff, 0x03, 0xa8,
    0xa3, 0xd1, 0x27, 0xd9, 0x93, 0xc8, 0xb3, 0x06, 0x67, 0x58, 0x3c, 0x3d,
    0xc4, 0x96, 0xf8, 0xce, 0x6e, 0x89, 0x1d, 0x67, 0xb0, 0x97, 0xe5, 0xc5,
    0x90, 0xb4, 0x56, 0x56, 0x36, 0x03, 0xc7, 0x34, 0x11, 0x21, 0x34, 0xfc,
    0xa7, 0x90, 0xcf, 0xf5, 0xe9, 0xec, 0x6b, 0xd2, 0x32, 0x57, 0xbf, 0x57,
    0xe4, 0xdc, 0x97, 0xde, 0x94, 0x15, 0xbb, 0xcc, 0x48, 0xc7, 0xd5, 0x25,
    0xd5, 0x52, 0x0c, 0xfa, 0xc0, 0xe8, 0x11, 0x13, 0xd3, 0x6c, 0xfe, 0x18,
    0x16, 0xcf, 0x03, 0x06, 0x6f, 0x22, 0x99, 0x00, 0x4c, 0x2d, 0x94, 0x7a,
    0x2b, 0x68, 0xf3, 0x1e, 0x3a, 0xca, 0x2b, 0x03, 0x36, 0xe9, 0xb0, 0x9c,
    0x94, 0x5c, 0xf1, 0x51, 0xb8, 0x7f, 0xd0, 0xf3, 0x7d, 0x16, 0xcd, 0x79,
    0x07, 0x3a, 0x60, 0x04, 0xb4, 0xe0, 0xb5, 0x6d, 0x33, 0xf6, 0x91, 0x92,
    0xba, 0x16, 0x90, 0x8c, 0xfd, 0x8e, 0x3a, 0x60, 0x37, 0x2a, 0xee, 0xe0,
    0xef, 0x54, 0xe2, 0x1b, 0xc4, 0x11, 0x22, 0x29, 0xcf, 0x50, 0x43, 0x98,
    0xe6, 0xf6, 0x1f, 0xa4, 0x37, 0xf0, 0x5b, 0x2a, 0xac, 0xa1, 0x0d, 0x47,
    0xf8, 0x66, 0x92, 0x13, 0x22, 0xed, 0x35, 0xc7, 0xec, 0x97, 0xae, 0x18,
    0x4d, 0xc6, 0x0c, 0xd8, 0x9c, 0xc9, 0xef, 0x31, 0x8f, 0x84, 0x81, 0xfb,
    0xa7, 0x06, 0xe8, 0x98, 0x0b, 0xc9, 0x8f, 0x0d, 0xcb, 0xb3, 0x4d, 0x17,
    0x3c, 0xb7, 0x00, 0x90, 0x5c, 0x9e, 0x3c, 0x46, 0x46, 0x0f, 0x38, 0x10,
    0xa2, 0x9d, 0x2e, 0x09, 0xbf, 0x02, 0xe6, 0x03, 0x4c, 0x25, 0x11, 0x9a,
    0xf2, 0x29, 0xe4, 0xd3, 0x00, 0x9b, 0xce, 0x53, 0x0d, 0x9d, 0xc8, 0xba,
    0xaa, 0x40, 0x99, 0x26, 0x14, 0xe8, 0x3b, 0xea, 0xcf, 0xae, 0xb8, 0xf8,
    0x8f, 0x2a, 0xd0, 0x46, 0x2a, 0xdd, 0xdb, 0x4b, 0x57, 0x47, 0x40, 0xea,
    0x03, 0x3b, 0x7f, 0xc2, 0xe4, 0xb3, 0xe4, 0x93, 0x1b, 0x07, 0x3f, 0x1f,
    0x3d, 0xf0, 0xb9, 0xc2, 0x12, 0x40, 0x28, 0xbd, 0xbe, 0xca, 0x28, 0xfa,
    0xef, 0x2e, 0xe8, 0xfb, 0xea, 0xd4, 0xc2, 0x2b, 0xdf, 0x55, 0x00, 0x53,
    0xea, 0xa7, 0x01, 0x37, 0x34, 0xa8, 0xf5, 0x39, 0x02, 0x45, 0xcf, 0x1a,
    0x5d, 0x52, 0x63, 0x4f, 0x45, 0xf2, 0xdb, 0xbf, 0x26, 0x27, 0xd9, 0xe6,
    0x38, 0x07, 0x0d, 0x1c, 0xdb, 0xef, 0xc6, 0xbd, 0x17, 0x2f, 0xfe, 0xaf,
    0xac, 0xee, 0xd9, 0x11, 0xa9, 0x4c, 0xe8, 0x20, 0xa1, 0xa2, 0xd6, 0xcb,
    0x31, 0x2a, 0xd1, 0x26, 0xbf, 0xaf, 0xd2, 0xca, 0x9b, 0xef, 0x34, 0x24,
    0xc6, 0xbd, 0xa9, 0x0e, 0xa8, 0xfe, 0xf4, 0xc1, 0xf3, 0x0a, 0xfd, 0xc5,
    0xc7, 0x4f, 0x2d, 0xcd, 0xbb, 0xab, 0xb9, 0x27, 0xa5, 0xd1, 0xd1, 0x3f,
    0x5c, 0xf3, 0x9a, 0x82, 0x99, 0x21, 0x6c, 0x6b, 0x29, 0xaf, 0x22, 0x3c,
    0xc5, 0x26, 0x44, 0xea, 0x9d, 0x27, 0x4d, 0x57, 0x02, 0xc4, 0x41, 0xe0,
    0xf9, 0x36, 0xae, 0x75, 0xee, 0x35, 0x27, 0x6d, 0x3d, 0x44, 0xe9, 0xb8,
    0xd9, 0xbb, 0x50, 0x14, 0xb0, 0xcf, 0x41, 0xde, 0x09, 0xf1, 0xe9, 0xec,
    0x04, 0x19, 0x60, 0x09, 0xa4, 0xcd, 0x0d, 0xfc, 0xcf, 0x68, 0x7f, 0xe9,
    0xe8, 0xe1, 0x76, 0x61, 0x53, 0x33, 0x56, 0x10, 0x08, 0x1f, 0x68, 0x60,
    0x2b, 0xc6, 0xee, 0x03, 0x13, 0x02, 0xec, 0x3e, 0xe9, 0xb3, 0x30, 0x91,
    0x32, 0xb0, 0xe3, 0x18, 0xc4, 0x0e, 0x0e, 0xc1, 0x16, 0x36, 0x50, 0xf6,
    0xcc, 0xbe, 0x05, 0xb3, 0x34, 0x47, 0xb8, 0xe4, 0x00, 0x8f, 0x94, 0x03,
    0x30, 0x13, 0x68, 0x5e, 0x04, 0x46, 0xaa, 0x1c, 0xbb, 0x70, 0xb7, 0x58,
    0x31, 0x31, 0x16, 0x11, 0xf8, 0xae, 0xfc, 0x05, 0x15, 0x12, 0xc6, 0x91,
    0xde, 0x60, 0xfe, 0x3c, 0x3a, 0xc0, 0x94, 0xd3, 0x3a, 0x17, 0x31, 0x23,
    0x65, 0xb1, 0x4a, 0xb9, 0x1b, 0xcb, 0xc7, 0xb6, 0x59, 0x0d, 0xfd, 0x43,
    0xab, 0xf5, 0xb0, 0xf1, 0x72, 0xf6, 0xee, 0x27, 0x35, 0x25, 0xc6, 0xde,
    0xa5, 0xe0, 0xd6, 0x98, 0x65, 0x13, 0xea, 0xb5, 0x22, 0xd3, 0xec, 0xbf,
    0x8a, 0x2f, 0xd9, 0xd6, 0x81, 0xc6, 0x29, 0x25, 0xf5, 0x41, 0xd0, 0x04,
    0x4c, 0x37, 0x8e, 0xf6, 0xe1, 0x03, 0x2b, 0x08, 0x19, 0xd7, 0x38, 0xaa,
    0x1d, 0x38, 0xe9, 0x93, 0xb0, 0xcf, 0x5c, 0x1a, 0xd3, 0x05, 0x21, 0x39,
    0xaf, 0xad, 0xbd, 0xea, 0xb6, 0x60, 0x99, 0x3b, 0x06, 0x17, 0x1b, 0xb1,
    0xf8, 0xc3, 0x3e, 0x37, 0x12, 0xe6, 0x78, 0x7a, 0x7d, 0x77, 0xb6, 0x93,
    0xce, 0x72, 0x36, 0x51, 0xf1, 0xc0, 0x4f, 0x01, 0x09, 0xf4, 0x1c, 0xa4,
    0xe7, 0xc4, 0xe8, 0xc0, 0xb5, 0xc0, 0x09, 0x27, 0xe7, 0x4b, 0x23, 0xda,
    0x22, 0x13, 0xe8, 0xf5, 0xf2, 0xcf, 0x1e, 0x10, 0x17, 0x23, 0xfb, 0x0f,
    0x38, 0x0e, 0xac, 0xa5, 0xff, 0xec, 0xe3, 0x48, 0x3c, 0xfe, 0xf4, 0x01,
    0xc4, 0x2d, 0xb4, 0x11, 0xed, 0xf2, 0xb9, 0xe7, 0x28, 0x1e, 0xfd, 0x57,
    0x4a, 0xc7, 0xec, 0xb3, 0xef, 0xfb, 0x42, 0xd1, 0x21, 0x2d, 0xe6, 0x4c,
    0xdb, 0x36, 0x34, 0x05, 0x34, 0x2e, 0x5d, 0xd8, 0x0c, 0xc9, 0x3e, 0xc5,
    0xf0, 0x09, 0xbc, 0x15, 0x1c, 0x53, 0x48, 0xe8, 0x2c, 0x25, 0xcb, 0x29,
    0xea, 0xdf, 0xfe, 0xe8, 0x18, 0x2b, 0xbe, 0x18, 0x2b, 0xb7, 0x14, 0x0f,
    0x14, 0x2a, 0x04, 0xff, 0x47, 0x21, 0xd2, 0xb8, 0xe0, 0x64, 0x20, 0x05,
    0x3f, 0x0d, 0x7b, 0x7a, 0x7f, 0xfc, 0x11, 0x13, 0x5f, 0x5f, 0xf0, 0x18,
    0xe0, 0xf2, 0x22, 0xbc, 0xde, 0xe6, 0x50, 0x25, 0x41, 0x00, 0xf8, 0xf4,
    0xf8, 0xbd, 0x16, 0x5d, 0xdb, 0xdf, 0xc9, 0x11, 0xc1, 0x75, 0x81, 0xe2,
    0x08, 0x06, 0x90, 0xf9, 0xd9, 0x4c, 0x62, 0x13, 0xde, 0xb3, 0x21, 0xfb,
    0xea, 0xf0, 0xce, 0xf8, 0xfc, 0xef, 0x01, 0xd9, 0x86, 0xbd, 0x1f, 0x40,
    0xb2, 0xb4, 0xb0, 0xc1, 0x8f, 0x04, 0x2a, 0xa8, 0x16, 0xb6, 0x0d, 0x13,
    0x2d, 0x57, 0x22, 0xad, 0xf3, 0xa6, 0xcf, 0x3b, 0x01, 0x9f, 0xa2, 0xb9,
    0xa4, 0x3e, 0xb2, 0x24, 0x38, 0x05, 0xff, 0xdc, 0xad, 0xac, 0xeb, 0xf5,
    0xc9, 0x30, 0x17, 0x62, 0x31, 0xb5, 0x66, 0x48, 0xf2, 0x2a, 0xf7, 0x5c,
    0x59, 0x0d, 0x41, 0x94, 0x02, 0xd4, 0x23, 0xd7, 0xce, 0xa1, 0x92, 0x19,
    0x96, 0x8e, 0xe3, 0xa8, 0x4b, 0x93, 0x9b, 0xd1, 0x45, 0x59, 0xda, 0x03,
    0xf0, 0x49, 0x52, 0x26, 0xdd, 0x95, 0x3d, 0x1e, 0xdb, 0xd9, 0xca, 0x1d,
    0x08, 0xf9, 0xc9, 0x87, 0x08, 0x47, 0x3e, 0x49, 0xa7, 0x62, 0x13, 0x7b,
    0x7f, 0x1f, 0xfc, 0x5c, 0xd9, 0xfa, 0x95, 0xff, 0xca, 0xda, 0x3f, 0x08,
    0x11, 0x56, 0xb6, 0xbb, 0xd8, 0x03, 0x20, 0xfc, 0xc2, 0x9f, 0x1d, 0xee,
    0x3d, 0xda, 0xa0, 0xa8, 0xf9, 0x95, 0x9c, 0xa1, 0x92, 0xe4, 0xf4, 0x89,
    0xc2, 0xab, 0x33, 0xef, 0xb9, 0x19, 0xd8, 0xe1, 0x19, 0xaf, 0x2d, 0x07,
    0xd1, 0xa4, 0xb6, 0x31, 0xbf, 0xbf, 0xd8, 0x1e, 0xa1, 0x03, 0x31, 0x57,
    0xe6, 0xd6, 0xd2, 0x1d, 0xfb, 0x97, 0x3d, 0xdf, 0x03, 0xd8, 0xfa, 0xe2,
    0x4f, 0xdd, 0x58, 0xb6, 0xc7, 0x9d, 0xf7, 0xab, 0xfa, 0x17, 0xb7, 0x06,
    0xc4, 0x2d, 0x12, 0x45, 0x44, 0xce, 0x3a, 0x50, 0x15, 0x22, 0x19, 0xd8,
    0x11, 0xdc, 0x0a, 0x30, 0x28, 0xe9, 0xd6, 0x51, 0xd5, 0xb6, 0xef, 0x3d,
    0xcf, 0x0f, 0x03, 0xd3, 0xcd, 0xc7, 0xa4, 0x21, 0x0b, 0xfa, 0x41, 0xb6,
    0xdb, 0x07, 0x71, 0xb3, 0xfd, 0x2e, 0x54, 0x11, 0x4e, 0x58, 0x91, 0x87,
    0xca, 0xb7, 0x3d, 0xfd, 0x0a, 0x3f, 0xe1, 0x37, 0x51, 0x1c, 0x5d, 0xb6,
    0xf2, 0xb3, 0xd1, 0x40, 0x6f, 0x24, 0x8e, 0xa3, 0xda, 0x2d, 0x20, 0x6e,
    0xd8, 0xe9, 0x17, 0x59, 0xb3, 0xc1, 0x36, 0x4c, 0x2b, 0xed, 0x13, 0x7a,
    0xb6, 0xca, 0x62, 0x34, 0x95, 0x31, 0xe4, 0x9f, 0xda, 0x5b, 0x40, 0xd7,
    0x34, 0xbb, 0x12, 0x54, 0xd3, 0x45, 0x3f, 0x1e, 0x9f, 0xfb, 0x67, 0x17,
    0x8e, 0x81, 0xc2, 0x3b, 0xc9, 0x0f, 0xf2, 0x7c, 0xe0, 0x75, 0x91, 0xca,
    0x53, 0x2a, 0xaa, 0xa6, 0xaa, 0x3a, 0xf9, 0x57, 0xf1, 0xb9, 0xbf, 0x8a,
    0x13, 0x78, 0xb3, 0x14, 0x71, 0x1a, 0x69, 0x78, 0x07, 0x64, 0xf2, 0x45,
    0xca, 0x0a, 0x1c, 0xa6, 0xd1, 0xac, 0x11, 0xd0, 0xbb, 0x1c, 0x3f, 0x73,
    0xfc, 0xd2, 0x47, 0x15, 0x56, 0x1b, 0x6f, 0x2b, 0x17, 0xba, 0xed, 0x50,
    0x34, 0xce, 0xed, 0x2a, 0xe3, 0xc6, 0x50, 0x29, 0x1c, 0x27, 0x08, 0x38,
    0x18, 0x59, 0x18, 0x68, 0xfb, 0xe1, 0xfd, 0xf6, 0x75, 0x46, 0x1b, 0x1e,
    0x6a, 0x70, 0x3c, 0x5d, 0x7f, 0x5e, 0x16, 0x2c, 0x50, 0x4c, 0xe8, 0x1c,
    0x04, 0xbe, 0xd2, 0x7a, 0x40, 0xc2, 0xe5, 0x5a, 0x2d, 0x02, 0xcc, 0x14,
    0xbd, 0x60, 0xf4, 0x07, 0xbf, 0x36, 0x3a, 0x58, 0x60, 0x5d, 0xb3, 0x37,
    0xf7, 0xf0, 0x2e, 0xf8, 0xc6, 0xfd, 0x3e, 0xd4, 0x2f, 0x11, 0x57, 0x1b,
    0x48, 0xd8, 0xd5, 0x04, 0xe5, 0xe1, 0xd2, 0x0e, 0x36, 0x3d, 0xe6, 0x3c,
    0x1e, 0x2f, 0x39, 0x11, 0x14, 0x05, 0x20, 0xcb, 0xea, 0xc3, 0x47, 0xef,
    0x69, 0xfa, 0x5b, 0x3c, 0x19, 0x5d, 0x93, 0xcb, 0xf6, 0xfa, 0x94, 0xc6,
    0xd2, 0xc5, 0x05, 0x3b, 0x0d, 0xbb, 0x6e, 0x09, 0x42, 0x2a, 0x16, 0x36,
    0x0c, 0xf2, 0x5b, 0x46, 0xcc, 0x6c, 0xc1, 0xcf, 0x44, 0xa3, 0xfd, 0x30,
    0xe0, 0x14, 0x2b, 0x43, 0x30, 0x5b, 0xf4, 0x5d, 0xb4, 0x9a, 0xd0, 0x24,
    0x64, 0x23, 0x09, 0xa6, 0x42, 0xe0, 0x31, 0xfa, 0x25, 0xbe, 0x14, 0xef,
    0xcd, 0xde, 0xcd, 0xd8, 0xb5, 0x14, 0x20, 0xe8, 0x15, 0x0c, 0xd4, 0x01,
    0xe9, 0x4f, 0xcd, 0x25, 0x24, 0xe1, 0xf7, 0x9d, 0x26, 0x3c, 0xf4, 0x27,
    0x12, 0xe5, 0xe0, 0x98, 0xf9, 0x9f, 0x95, 0xf0, 0x10, 0xd2, 0xbc, 0x1e,
    0xb9, 0x1c, 0x46, 0x59, 0xcd, 0xac, 0xc3, 0x17, 0xa7, 0x2b, 0x0e, 0x27,
    0xd6, 0x28, 0x3d, 0x17, 0xec, 0x2c, 0x5e, 0x49, 0xcb, 0xf4, 0x02, 0xec,
    0x63, 0xfa, 0xff, 0x48, 0x17, 0x4f, 0x0f, 0xd7, 0xd6, 0xff, 0x4f, 0x3d,
    0x2e, 0xd4, 0x99, 0x0b, 0x38, 0x03, 0x2d, 0xe7, 0xd5, 0x01, 0x40, 0x36,
    0x1d, 0x57, 0xa2, 0x7b, 0x7c, 0x16, 0xfd, 0x46, 0x7f, 0x55, 0x14, 0xd9,
    0xe6, 0xe8, 0xff, 0xff, 0x04, 0x00, 0x00, 0x00, 0x80, 0x01, 0x00, 0x00,
    0x0a, 0x01, 0x00, 0x00, 0x1e, 0x01, 0x00, 0x00, 0xb9, 0x00, 0x00, 0x00,
    0xe8, 0x04, 0x00, 0x00, 0x50, 0x04, 0x00, 0x00, 0x00, 0x00, 0x00, 0x00,
    0xae, 0x01, 0x00, 0x00, 0x74, 0x03, 0x00, 0x00, 0x36, 0x04, 0x00, 0x00,
    0x81, 0x02, 0x00, 0x00, 0x22, 0x04, 0x00, 0x00, 0x27, 0x03, 0x00, 0x00,
    0x54, 0x00, 0x00, 0x00, 0x89, 0x02, 0x00, 0x00, 0x9e, 0x02, 0x00, 0x00,
    0xbe, 0x03, 0x00, 0x00, 0x96, 0x02, 0x00, 0x00, 0xb7, 0xfe, 0xff, 0xff,
    0x72, 0xff, 0xff, 0xff, 0x4e, 0x01, 0x00, 0x00, 0xb0, 0x00, 0x00, 0x00,
    0x2b, 0xff, 0xff, 0xff, 0xe7, 0x01, 0x00, 0x00, 0x2b, 0x01, 0x00, 0x00,
    0x00, 0x00, 0x00, 0x00, 0xef, 0xfe, 0xff, 0xff, 0x3e, 0xfe, 0xff, 0xff,
    0x64, 0xfe, 0xff, 0xff, 0x6c, 0x03, 0x00, 0x00, 0x2e, 0xff, 0xff, 0xff,
    0x5b, 0x05, 0x00, 0x00, 0xf5, 0xfd, 0xff, 0xff, 0xd6, 0xff, 0xff, 0xff,
    0x4c, 0x02, 0x00, 0x00, 0x11, 0xff, 0xff, 0xff, 0xb7, 0x01, 0x00, 0x00,
    0x4f, 0xfe, 0xff, 0xff, 0xb6, 0x05, 0x00, 0x00, 0x2b, 0xff, 0xff, 0xff,
    0x6a, 0x03, 0x00, 0x00, 0x64, 0x00, 0x00, 0x00, 0x50, 0x01, 0x00, 0x00,
    0xbd, 0xfe, 0xff, 0xff, 0x9c, 0x04, 0x00, 0x00, 0xf0, 0xff, 0xff, 0xff,
    0xc3, 0x03, 0x00, 0x00, 0x2e, 0x01, 0x00, 0x00, 0xe0, 0x03, 0x00, 0x00,
    0x1d, 0x04, 0x00, 0x00, 0xa7, 0x03, 0x00, 0x00, 0x31, 0x02, 0x00, 0x00,
    0xb6, 0xff, 0xff, 0xff, 0xb6, 0xfd, 0xff, 0xff, 0x70, 0x02, 0x00, 0x00,
    0x8c, 0x04, 0x00, 0x00, 0xcc, 0x03, 0x00, 0x00, 0xa2, 0x00, 0x00, 0x00,
    0xd0, 0x03, 0x00, 0x00, 0x15, 0x03, 0x00, 0x00, 0x26, 0xfe, 0xff, 0xff,
    0xb5, 0xff, 0xff, 0xff, 0x98, 0xfe, 0xff, 0xff, 0x31, 0x03, 0x00, 0x00,
    0xfa, 0xfe, 0xff, 0xff, 0xf6, 0x02, 0x00, 0x00, 0x3f, 0x05, 0x00, 0x00,
    0xfc, 0xff, 0xff, 0xff, 0x1e, 0x01, 0x00, 0x00, 0xa4, 0xff, 0xff, 0xff,
    0x67, 0x01, 0x00, 0x00, 0xcf, 0x04, 0x00, 0x00, 0x2b, 0x02, 0x00, 0x00,
    0x73, 0xfe, 0xff, 0xff, 0x2d, 0x02, 0x00, 0x00, 0x51, 0xfe, 0xff, 0xff,
    0xf1, 0x03, 0x00, 0x00, 0xa7, 0xfd, 0xff, 0xff, 0x90, 0x03, 0x00, 0x00,
    0x63, 0x02, 0x00, 0x00, 0x4f, 0x01, 0x00, 0x00, 0xda, 0xff, 0xff, 0xff,
    0x33, 0x03, 0x00, 0x00, 0x36, 0x03, 0x00, 0x00, 0xba, 0x00, 0x00, 0x00,
    0xad, 0xfd, 0xff, 0xff, 0x04, 0xfe, 0xff, 0xff, 0xef, 0xff, 0xff, 0xff,
    0xcb, 0x01, 0x00, 0x00, 0xea, 0xfd, 0xff, 0xff, 0x06, 0xfe, 0xff, 0xff,
    0x9f, 0xff, 0xff, 0xff, 0x82, 0x05, 0x00, 0x00, 0x0f, 0x04, 0x00, 0x00,
    0x00, 0x00, 0x00, 0x00, 0xb4, 0xff, 0xff, 0xff, 0x78, 0xfe, 0xff, 0xff,
    0x72, 0xea, 0xff, 0xff, 0x04, 0x00, 0x00, 0x00, 0x00, 0x12, 0x00, 0x00,
    0x1a, 0x0b, 0xb3, 0x27, 0xd4, 0xbe, 0xd5, 0x08, 0x4f, 0xe3, 0x60, 0x67,
    0x31, 0x19, 0x1d, 0x31, 0xe8, 0x02, 0x06, 0x2e, 0x69, 0x0d, 0xcf, 0x02,
    0x50, 0x0d, 0xe1, 0xee, 0x41, 0xf4, 0x0b, 0xe7, 0xb9, 0xb4, 0xea, 0x7f,
    0x5c, 0xa4, 0x03, 0x5a, 0xd0, 0x65, 0x0d, 0x31, 0xea, 0xe0, 0x27, 0xce,
    0x74, 0xb0, 0x4b, 0x0e, 0xc2, 0x0e, 0xca, 0x62, 0x28, 0xf2, 0x23, 0xf0,
    0x8d, 0x3c, 0x13, 0xbc, 0x0f, 0xde, 0x17, 0x06, 0x5f, 0x0f, 0xd0, 0xe4,
    0x01, 0x71, 0xc0, 0x48, 0xc4, 0xf4, 0x75, 0xbf, 0x08, 0xef, 0x35, 0xca,
    0xdb, 0xb4, 0x5a, 0xda, 0xc4, 0xb9, 0x13, 0x40, 0x57, 0xf8, 0x1d, 0xdb,
    0xc1, 0x39, 0x37, 0x28, 0x31, 0x01, 0x11, 0x02, 0x50, 0xb9, 0x30, 0xcc,
    0x35, 0x26, 0x2b, 0x16, 0x30, 0xce, 0x0c, 0x41, 0xba, 0x24, 0x0c, 0xc6,
    0xff, 0x35, 0xe4, 0xf6, 0xd3, 0x56, 0x18, 0x07, 0x04, 0xc2, 0xcf, 0x21,
    0xda, 0xce, 0xd7, 0x1e, 0xd4, 0x23, 0xfd, 0xd0, 0x12, 0x7f, 0x3b, 0x0a,
    0xe3, 0x2a, 0x1b, 0x06, 0xd8, 0x25, 0x10, 0xbf, 0xbd, 0xcf, 0xeb, 0xf9,
    0x1d, 0x19, 0xf7, 0xe0, 0xeb, 0x20, 0x27, 0xbc, 0xee, 0x0a, 0xfc, 0xc0,
    0x2f, 0xca, 0x2f, 0x01, 0x18, 0x4f, 0x4a, 0xbf, 0xec, 0xbe, 0x3a, 0xe8,
    0xe4, 0xe5, 0x10, 0xdc, 0x1f, 0x01, 0x52, 0x22, 0x35, 0x2b, 0xc0, 0xf3,
    0xa9, 0x31, 0x20, 0x0d, 0x1b, 0x19, 0x28, 0x5f, 0xfb, 0x53, 0x43, 0x58,
    0xb2, 0xf0, 0xe8, 0x90, 0x15, 0x35, 0x37, 0xd6, 0x43, 0xad, 0xd7, 0x0b,
    0x18, 0x13, 0x3f, 0xc7, 0xf3, 0x34, 0x11, 0x10, 0xa5, 0x20, 0x51, 0xc5,
    0xa1, 0x62, 0x1b, 0xdb, 0xbb, 0xef, 0xf7, 0xe4, 0x5f, 0x0b, 0x08, 0xd8,
    0x16, 0x1e, 0x33, 0x13, 0x19, 0x32, 0x38, 0x2f, 0x37, 0x62, 0x24, 0x5a,
    0x72, 0x17, 0x98, 0x7f, 0xac, 0x97, 0x9c, 0xc0, 0xfe, 0xbd, 0x54, 0x1d,
    0xc4, 0xae, 0x29, 0xa6, 0xd6, 0xb3, 0xcf, 0x4e, 0x39, 0x71, 0xda, 0x50,
    0x08, 0xc9, 0xd3, 0x50, 0x1b, 0x37, 0x2d, 0x01, 0xea, 0x13, 0xde, 0x47,
    0x13, 0x5e, 0x06, 0x47, 0x4b, 0x2b, 0xe6, 0xcc, 0xe1, 0xb1, 0x14, 0xa1,
    0xd0, 0xf4, 0xd6, 0x2d, 0x06, 0xc8, 0x02, 0xfe, 0x49, 0xc6, 0xa9, 0xfc,
    0x45, 0x00, 0xdf, 0x2d, 0x36, 0xb7, 0x4f, 0xbb, 0xe4, 0xbe, 0xb6, 0xc6,
    0xc3, 0xa4, 0xc8, 0x36, 0x62, 0xe1, 0x13, 0xf2, 0x7f, 0x71, 0x5b, 0xa4,
    0x51, 0x51, 0x65, 0x30, 0xe7, 0x19, 0xe0, 0xea, 0xf6, 0x41, 0xcd, 0x19,
    0x05, 0xf7, 0x57, 0x30, 0x61, 0xdc, 0xf8, 0x43, 0x1d, 0x09, 0x50, 0x53,
    0xda, 0xcf, 0x11, 0x40, 0x41, 0x2f, 0xac, 0x34, 0xea, 0xa7, 0x11, 0xb3,
    0x37, 0x0a, 0xfd, 0x42, 0xe6, 0xe3, 0x03, 0x54, 0xf2, 0xcd, 0x3b, 0x29,
    0xc8, 0xa6, 0xde, 0xc5, 0xa3, 0xb7, 0x33, 0x7c, 0x26, 0x77, 0x85, 0x02,
    0x50, 0xbd, 0xa3, 0xfe, 0x6f, 0x74, 0xa0, 0x4d, 0xcd, 0xe1, 0x47, 0x8d,
    0xc4, 0x0c, 0xda, 0x5c, 0xf9, 0xe3, 0x34, 0x38, 0x51, 0x22, 0x81, 0xd2,
    0x1a, 0x89, 0xc3, 0x97, 0xd8, 0x53, 0xd1, 0xb3, 0xbc, 0x5c, 0x95, 0x71,
    0x94, 0x34, 0x67, 0xbd, 0x64, 0x28, 0xbd, 0x89, 0x06, 0x1a, 0xb9, 0xea,
    0x00, 0x18, 0xd2, 0x7b, 0xa6, 0x00, 0xa4, 0x1c, 0xbd, 0xd1, 0x85, 0x60,
    0x10, 0xb7, 0xfe, 0x70, 0x0b, 0x94, 0x9a, 0x46, 0x66, 0xea, 0x3f, 0x0a,
    0xec, 0x49, 0x2c, 0x26, 0x52, 0x39, 0x6c, 0x8d, 0xc4, 0xeb, 0xe0, 0x52,
    0x5b, 0x0b, 0x5e, 0x8e, 0x62, 0x08, 0x35, 0xf2, 0x2b, 0x0c, 0x60, 0xcb,
    0x21, 0x17, 0xdc, 0x83, 0x16, 0xba, 0x68, 0x0b, 0xf6, 0xdd, 0x81, 0x28,
    0xd4, 0xe0, 0xc9, 0x7d, 0xdf, 0xdb, 0x03, 0x9f, 0x2b, 0xc3, 0xe6, 0x63,
    0xa6, 0x2f, 0xb6, 0x3d, 0xf5, 0x2e, 0xb4, 0x0c, 0x39, 0x48, 0xe6, 0x1d,
    0xe8, 0x19, 0x3d, 0x4a, 0x03, 0x9c, 0x32, 0x37, 0xc2, 0x6d, 0xc5, 0xdf,
    0xf4, 0xb5, 0x16, 0xa6, 0xfd, 0xb1, 0x4b, 0xcc, 0x44, 0x58, 0x6e, 0xd4,
    0xa9, 0x5b, 0x18, 0xf5, 0x09, 0x5c, 0x27, 0xd4, 0xcf, 0x92, 0x0e, 0x2c,
    0x5a, 0x0b, 0x59, 0x18, 0x1f, 0xd3, 0x5d, 0x33, 0xb1, 0x2b, 0xbf, 0xe2,
    0x06, 0x9c, 0xc8, 0x0b, 0x4c, 0x54, 0x45, 0x6b, 0x40, 0x7f, 0x14, 0x55,
    0x26, 0x1d, 0xfa, 0x33, 0x47, 0xc5, 0xf3, 0xd9, 0x38, 0xef, 0xe0, 0xa9,
    0x39, 0x43, 0x3b, 0x27, 0x26, 0xc9, 0xf6, 0x20, 0x4e, 0x1a, 0x14, 0x3b,
    0x46, 0x14, 0xb0, 0x46, 0xcd, 0x70, 0x38, 0xe2, 0xd9, 0xc9, 0xbc, 0x27,
    0xf9, 0xe6, 0xae, 0xe7, 0x2e, 0xb5, 0x41, 0x20, 0x70, 0x34, 0x99, 0x20,
    0x3d, 0x45, 0x6e, 0xa4, 0xeb, 0xff, 0x58, 0xda, 0x0b, 0x75, 0x1b, 0x31,
    0xe1, 0xd1, 0x2d, 0x25, 0x05, 0xdc, 0xb7, 0x50, 0xa1, 0xeb, 0x2a, 0xed,
    0xf8, 0x3e, 0xea, 0xa8, 0x52, 0x9f, 0x55, 0xa6, 0x59, 0x3c, 0xcf, 0x3c,
    0x40, 0x1f, 0x4c, 0xd6, 0xe1, 0x11, 0xe5, 0xf7, 0xa9, 0x6b, 0x20, 0x15,
    0x42, 0xea, 0xa2, 0x8f, 0x44, 0xcf, 0xe5, 0x4d, 0x2b, 0xfa, 0x2c, 0xcb,
    0x11, 0x10, 0xfd, 0xe2, 0x2b, 0xd1, 0x51, 0x2a, 0xba, 0xbe, 0x14, 0x54,
    0xac, 0x37, 0xfe, 0xfe, 0x4d, 0xcc, 0x06, 0x16, 0xbb, 0x97, 0x17, 0x42,
    0xba, 0xda, 0x2a, 0xf4, 0x37, 0x45, 0xda, 0x26, 0x1c, 0xbd, 0x51, 0x59,
    0xa8, 0x81, 0xf9, 0x96, 0xf8, 0x01, 0x2a, 0x4d, 0x5f, 0x39, 0xd2, 0xc5,
    0xda, 0xd7, 0xd8, 0x2d, 0xfa, 0xef, 0x15, 0x70, 0xcf, 0xee, 0x56, 0x30,
    0xb6, 0x18, 0x3d, 0xf7, 0x55, 0xac, 0x4e, 0xcc, 0xec, 0xe3, 0xb6, 0x1c,
    0xf6, 0xf8, 0xd7, 0x15, 0x40, 0xf2, 0x3d, 0x07, 0x5c, 0x31, 0x16, 0x33,
    0xcf, 0x41, 0x43, 0xff, 0xd7, 0x3d, 0x46, 0xd1, 0xda, 0xc4, 0x21, 0x33,
    0x15, 0xce, 0xc9, 0xca, 0x37, 0x46, 0xdb, 0xf8, 0xd4, 0xe0, 0xfb, 0xf7,
    0xb7, 0xd9, 0x16, 0xd6, 0xbb, 0xda, 0xd9, 0x60, 0x21, 0x7f, 0x58, 0xcc,
    0x4a, 0xc0, 0x1f, 0x08, 0x14, 0x53, 0xbe, 0xb1, 0x53, 0x25, 0xd7, 0x27,
    0x4d, 0xd3, 0x53, 0xcb, 0xb2, 0x64, 0x29, 0x58, 0x22, 0x1f, 0x05, 0x14,
    0x25, 0x10, 0x1c, 0x25, 0x1f, 0xce, 0x0e, 0x41, 0xc6, 0x49, 0xbf, 0x28,
    0xef, 0xf4, 0x06, 0x24, 0x1f, 0xc0, 0x26, 0x48, 0x4f, 0xd9, 0xfa, 0xbe,
    0x32, 0xfe, 0x13, 0x34, 0x33, 0xba, 0x06, 0x7d, 0x57, 0xee, 0x49, 0xde,
    0xf5, 0x6a, 0x46, 0x5c, 0x3f, 0x1c, 0x28, 0x18, 0x9a, 0xe6, 0x6e, 0x42,
    0x26, 0x66, 0x1a, 0x1b, 0xa1, 0xc5, 0x1c, 0x44, 0xef, 0x7f, 0x48, 0xbb,
    0xa7, 0xa9, 0xcc, 0x5a, 0xbd, 0x1f, 0xad, 0xa2, 0xcc, 0x89, 0xcc, 0x22,
    0xfe, 0x28, 0xb8, 0x9b, 0xbb, 0xa9, 0x3f, 0xcc, 0x45, 0x2d, 0x07, 0x51,
    0x1c, 0x4c, 0x35, 0x42, 0xdb, 0xe1, 0x32, 0xb0, 0xc6, 0xfe, 0x6b, 0xa2,
    0xfa, 0x44, 0x2e, 0xe8, 0xf2, 0xcb, 0x33, 0xdd, 0xc5, 0xc4, 0x1f, 0x1d,
    0x3c, 0x26, 0x23, 0x19, 0x26, 0xb4, 0xb5, 0xbe, 0xfe, 0x06, 0x13, 0xc3,
    0xfe, 0xce, 0xd4, 0xa9, 0xe3, 0xcd, 0x1d, 0x70, 0x22, 0xbb, 0x1d, 0x03,
    0x43, 0xdc, 0x12, 0x11, 0xf7, 0xeb, 0x66, 0x64, 0xb5, 0xb8, 0x55, 0x68,
    0x4c, 0xa6, 0x0c, 0x8f, 0x69, 0x65, 0xa1, 0x43, 0xc7, 0xb4, 0x44, 0x6d,
    0xc1, 0x35, 0x14, 0x4d, 0x96, 0xe7, 0xae, 0x43, 0xc8, 0xcb, 0xfb, 0x61,
    0xda, 0xe5, 0x57, 0x32, 0x60, 0x53, 0xfc, 0x04, 0xb1, 0x51, 0x1a, 0x65,
    0xce, 0x81, 0x71, 0xc9, 0xc5, 0x1b, 0xfd, 0xd3, 0x54, 0xe9, 0xd4, 0x21,
    0x50, 0xd8, 0x01, 0x56, 0x5c, 0xab, 0x2b, 0x67, 0x2f, 0xfc, 0x2b, 0x3a,
    0x08, 0xa8, 0x40, 0x2e, 0xe7, 0xab, 0xbc, 0x6d, 0x4b, 0xe7, 0x4a, 0x17,
    0x13, 0xf8, 0xec, 0xe4, 0x4e, 0x2d, 0x08, 0x2f, 0x0d, 0x01, 0x35, 0xd5,
    0xf5, 0x1e, 0x24, 0xd3, 0x23, 0xfb, 0x12, 0xd2, 0x1d, 0x12, 0x03, 0xf4,
    0xe7, 0xe4, 0xf1, 0x11, 0x17, 0xd1, 0x2f, 0x2d, 0x29, 0x47, 0x39, 0x03,
    0xdf, 0x13, 0x10, 0x0d, 0xdb, 0x59, 0xeb, 0xf2, 0x0d, 0x7f, 0xb6, 0x26,
    0xf3, 0xf0, 0xfd, 0xe9, 0x15, 0xe4, 0xfc, 0x07, 0x2d, 0x0f, 0x1f, 0xea,
    0x1b, 0x21, 0xe0, 0xf1, 0x2b, 0x00, 0xcf, 0xd7, 0xe7, 0x14, 0x0d, 0x04,
    0xe9, 0xd7, 0x00, 0x13, 0x10, 0xfb, 0xec, 0x50, 0xc3, 0x00, 0x14, 0x12,
    0xee, 0x05, 0xfb, 0x23, 0xe4, 0xfb, 0xfb, 0x16, 0xfc, 0xe3, 0xf4, 0xeb,
    0x8a, 0xd0, 0xd9, 0x6e, 0x47, 0x27, 0x32, 0xf2, 0x58, 0xf7, 0xe3, 0x9a,
    0x43, 0xc8, 0xc6, 0x63, 0xc9, 0x90, 0x66, 0xae, 0x95, 0xc2, 0xcc, 0xe0,
    0xc7, 0x4e, 0xd5, 0x49, 0x1a, 0xd9, 0x2d, 0x24, 0x70, 0xa0, 0x5a, 0xbe,
    0xca, 0x30, 0xd7, 0x36, 0xe5, 0xe2, 0x44, 0xb8, 0x11, 0x63, 0x32, 0x54,
    0x4a, 0x21, 0x5d, 0xe9, 0x69, 0xc0, 0xc0, 0xdd, 0x0d, 0xce, 0xf8, 0xeb,
    0xf7, 0x81, 0x73, 0x56, 0x90, 0xb6, 0x39, 0x96, 0x9b, 0x53, 0xd9, 0x34,
    0xc0, 0x91, 0x47, 0xa1, 0x41, 0xe8, 0xd4, 0xa5, 0xbc, 0xa5, 0xe6, 0x9c,
    0xfb, 0x5d, 0xc1, 0x85, 0xcf, 0x01, 0x3d, 0x41, 0xb1, 0xca, 0xc3, 0x07,
    0xe7, 0x3e, 0x1d, 0x59, 0x27, 0xb9, 0x82, 0x22, 0x55, 0x48, 0x04, 0xc7,
    0xbf, 0xb5, 0x26, 0x20, 0xd9, 0xc4, 0xe0, 0x9d, 0xb6, 0x5f, 0xed, 0x03,
    0xe0, 0x28, 0x48, 0xaf, 0x39, 0x66, 0xeb, 0xc6, 0xdf, 0x04, 0xc2, 0xc0,
    0xaf, 0x09, 0x2e, 0x44, 0x39, 0x34, 0x84, 0x34, 0xbe, 0x23, 0xb8, 0x20,
    0xc6, 0xdf, 0xcf, 0xd1, 0xf3, 0xf3, 0x18, 0x44, 0xaf, 0xcb, 0xb7, 0xc6,
    0xc7, 0x81, 0x10, 0x4f, 0xba, 0x6f, 0xb3, 0xe7, 0xe3, 0x33, 0xdd, 0xee,
    0x2d, 0xae, 0xaf, 0xd4, 0x47, 0x02, 0x57, 0x25, 0xfb, 0xc8, 0xee, 0xff,
    0xc2, 0xe2, 0xa7, 0xcb, 0x24, 0x16, 0x2b, 0x20, 0x12, 0xa1, 0xd6, 0x4f,
    0x9d, 0xd9, 0x73, 0x53, 0xca, 0x1e, 0x0d, 0xae, 0x37, 0x78, 0x73, 0xff,
    0x20, 0xde, 0xfd, 0xc6, 0x40, 0x30, 0x02, 0xc0, 0x30, 0x11, 0x55, 0x01,
    0xff, 0x9b, 0x06, 0x81, 0xaa, 0xd8, 0x39, 0xc6, 0x0c, 0x24, 0x95, 0xb8,
    0x05, 0x7d, 0x11, 0x37, 0x18, 0x60, 0x9c, 0x22, 0xf9, 0x89, 0xb3, 0x79,
    0xba, 0xa5, 0xc6, 0x54, 0x45, 0x48, 0xdd, 0x3c, 0x2e, 0xcf, 0xb2, 0xba,
    0xa0, 0xec, 0x54, 0x0e, 0xce, 0x12, 0x31, 0xec, 0xea, 0xca, 0xf8, 0xfd,
    0x58, 0x33, 0x24, 0xe9, 0x02, 0x0e, 0x69, 0xa6, 0x9e, 0x39, 0xe7, 0xf6,
    0xd2, 0xea, 0x9e, 0x4f, 0xa3, 0xbb, 0x52, 0x36, 0xc1, 0x4a, 0x88, 0x1f,
    0x00, 0xd5, 0x4d, 0x64, 0x52, 0x40, 0x0a, 0xd9, 0xac, 0xd3, 0xaf, 0xf4,
    0xbf, 0x3a, 0x81, 0x10, 0xcc, 0xea, 0x24, 0xb9, 0x71, 0xd3, 0x52, 0x66,
    0x02, 0xfc, 0x5e, 0x03, 0xcc, 0x48, 0xf7, 0xdf, 0x2e, 0xfd, 0xec, 0xf9,
    0xc9, 0x3d, 0x17, 0xbf, 0xd7, 0xb1, 0x34, 0xa8, 0x9f, 0xeb, 0x49, 0xe6,
    0xc1, 0x6f, 0xc3, 0x48, 0x08, 0xe0, 0x0e, 0x60, 0x64, 0x39, 0x44, 0xd4,
    0x0a, 0x92, 0xf8, 0x6d, 0xd7, 0xc8, 0x08, 0x11, 0xc6, 0x61, 0x35, 0x02,
    0xd1, 0x0a, 0xf9, 0x3f, 0x2d, 0xd0, 0x21, 0x2e, 0x4f, 0x4f, 0xc2, 0xa3,
    0xc7, 0xf4, 0xfc, 0x01, 0xe3, 0xa4, 0x6a, 0xee, 0x45, 0x15, 0xa1, 0x3c,
    0xab, 0x0a, 0xdb, 0x1a, 0x19, 0x1d, 0x4b, 0xc0, 0x5e, 0x5e, 0xe6, 0xcc,
    0x95, 0xa7, 0x43, 0xcc, 0x40, 0x31, 0x39, 0x6c, 0x22, 0xe5, 0xc1, 0xc4,
    0x1a, 0x2e, 0xb1, 0xb7, 0x3c, 0x38, 0x4e, 0xaf, 0xfe, 0x13, 0xe5, 0xb8,
    0x2e, 0x21, 0xf1, 0xb7, 0xb8, 0x51, 0x44, 0xe0, 0x2f, 0x7f, 0xaf, 0x28,
    0x35, 0x62, 0xe1, 0xfc, 0xea, 0xfc, 0xcd, 0xc1, 0xd9, 0x5e, 0xdd, 0xb2,
    0xc4, 0x44, 0x00, 0xd7, 0x0b, 0x4c, 0xc7, 0x1a, 0xe8, 0xea, 0x30, 0xaf,
    0x04, 0x43, 0x4c, 0x41, 0xf2, 0x3a, 0xb2, 0xd1, 0xb9, 0x39, 0xe5, 0x41,
    0x62, 0xb7, 0x46, 0xc5, 0xc6, 0x21, 0xbb, 0x47, 0x36, 0xb2, 0xb8, 0xca,
    0x63, 0x17, 0x5e, 0x13, 0x2c, 0x23, 0x30, 0xd8, 0x1c, 0xac, 0xde, 0x19,
    0x27, 0x15, 0x1d, 0xee, 0xe2, 0xc2, 0x7f, 0x29, 0xd5, 0x8a, 0x45, 0x08,
    0xb3, 0xd6, 0xe8, 0x96, 0xd9, 0x60, 0xc0, 0x04, 0xe3, 0xcd, 0x0f, 0x54,
    0xf1, 0x64, 0x17, 0x55, 0x16, 0x25, 0xc7, 0x15, 0x33, 0x1c, 0xc8, 0x2e,
    0xd7, 0x0f, 0xb2, 0x34, 0xca, 0xf6, 0xed, 0x36, 0x08, 0xc9, 0x68, 0x2f,
    0x37, 0x09, 0x20, 0xf9, 0xbb, 0x44, 0xd7, 0x5c, 0x1d, 0x5a, 0x52, 0xe6,
    0xcd, 0xf1, 0x30, 0x55, 0xe9, 0xe2, 0xbe, 0x03, 0x48, 0xf0, 0xd1, 0x1a,
    0xfb, 0x12, 0x30, 0x30, 0xad, 0xd4, 0xc7, 0xfa, 0xe1, 0x48, 0xae, 0x34,
    0xfa, 0x84, 0x8a, 0xa4, 0xa8, 0xa1, 0xee, 0x13, 0xe4, 0x94, 0x81, 0x6f,
    0xc1, 0x0d, 0x63, 0x2f, 0x1b, 0xcb, 0xc9, 0xdb, 0xaa, 0x38, 0x8d, 0x83,
    0xf3, 0xd3, 0x61, 0xb6, 0xb0, 0x29, 0x1b, 0x3e, 0xe6, 0x2d, 0xac, 0x58,
    0xa1, 0xe4, 0x5d, 0xb2, 0x10, 0xf0, 0x8a, 0x57, 0xf1, 0xce, 0x36, 0x70,
    0x30, 0x83, 0xa7, 0xc7, 0xcd, 0xc6, 0x7a, 0x15, 0xa8, 0x9e, 0x33, 0xe0,
    0x2f, 0x63, 0x86, 0xba, 0x41, 0xb7, 0xd6, 0xe8, 0x3c, 0x3a, 0xba, 0x73,
    0x2f, 0x1c, 0x0c, 0x06, 0x36, 0xf6, 0x3e, 0x36, 0xdb, 0xcb, 0x8d, 0x26,
    0x5a, 0x2a, 0x9f, 0x9c, 0x2f, 0x43, 0x44, 0x78, 0xec, 0x56, 0x69, 0x43,
    0xed, 0xf8, 0xca, 0x4a, 0x47, 0x58, 0x48, 0xe1, 0x44, 0x3b, 0xc2, 0xa9,
    0xe5, 0x06, 0xe4, 0x5b, 0x51, 0xcd, 0xbe, 0x8b, 0x90, 0xe5, 0xd4, 0xe7,
    0x5f, 0xdb, 0x1f, 0x3a, 0xf4, 0x9c, 0xcb, 0x4e, 0x5d, 0xeb, 0xf9, 0xd1,
    0x3b, 0x20, 0x32, 0x5e, 0xc6, 0xf8, 0x89, 0xcf, 0x15, 0x2f, 0xcb, 0x1d,
    0x01, 0xcb, 0xca, 0xf8, 0xef, 0x1c, 0x22, 0x1a, 0x38, 0x6a, 0x6e, 0xb6,
    0x33, 0xba, 0xe8, 0x3d, 0x20, 0x56, 0xa8, 0x03, 0xef, 0x2d, 0x65, 0x5c,
    0x53, 0x74, 0x6d, 0xf0, 0x0e, 0x2d, 0x66, 0x31, 0x81, 0x50, 0x00, 0xb5,
    0x4a, 0xd2, 0x60, 0x0b, 0x29, 0xe6, 0x4a, 0xfe, 0x63, 0x45, 0xa8, 0x18,
    0x9d, 0xa7, 0xfa, 0xcc, 0xbe, 0xd1, 0xf8, 0xc0, 0x4d, 0x30, 0xdf, 0x0c,
    0xdd, 0xca, 0xc0, 0x31, 0xeb, 0x1e, 0xad, 0x39, 0x30, 0xe3, 0x25, 0x58,
    0x50, 0xdb, 0x1d, 0x42, 0x10, 0x4b, 0xd1, 0xdf, 0xfc, 0x57, 0x51, 0x59,
    0x5f, 0xac, 0x1b, 0x10, 0x10, 0xd5, 0x29, 0xb6, 0x68, 0x87, 0x19, 0xa2,
    0x1d, 0x85, 0xa7, 0x00, 0x84, 0x64, 0x94, 0xb7, 0x3b, 0x81, 0xe1, 0xb2,
    0x73, 0x0d, 0x96, 0x52, 0x00, 0xf8, 0xf5, 0x5e, 0x36, 0x48, 0x85, 0xd1,
    0x6a, 0xae, 0x05, 0x2f, 0x5d, 0xc0, 0x8a, 0xe0, 0x86, 0xfc, 0xed, 0xd9,
    0x6e, 0x08, 0x1e, 0xac, 0xd0, 0xce, 0x9a, 0xb8, 0x65, 0x26, 0xa6, 0x3a,
    0x6a, 0x48, 0x5d, 0xcf, 0xfe, 0x30, 0xef, 0x0c, 0x34, 0xa0, 0x9c, 0x4e,
    0xe6, 0xfe, 0x21, 0xc4, 0xef, 0x1e, 0x70, 0x53, 0x26, 0x7d, 0x4d, 0xcd,
    0xf8, 0x6c, 0x0a, 0x74, 0xb2, 0x53, 0xe8, 0xe6, 0x72, 0x47, 0x60, 0xe8,
    0xa3, 0x2c, 0xd6, 0xc3, 0xc8, 0x9a, 0xcb, 0x93, 0xeb, 0xe2, 0x53, 0xee,
    0xfe, 0xbf, 0x7f, 0x24, 0x6b, 0x4d, 0x48, 0x6f, 0x6a, 0xc4, 0xd8, 0xdc,
    0xd5, 0x4d, 0x28, 0xeb, 0xbd, 0xcc, 0x47, 0x5c, 0x29, 0x10, 0xd9, 0xef,
    0xd4, 0x1d, 0xd5, 0x40, 0xa9, 0x47, 0xab, 0x02, 0xf4, 0x01, 0x4d, 0x52,
    0x33, 0x58, 0xf1, 0xf9, 0x27, 0xf7, 0xfc, 0x42, 0x57, 0xc0, 0xc2, 0xef,
    0xb3, 0xb0, 0xbb, 0x6a, 0x13, 0xe2, 0x3b, 0x04, 0xcb, 0x2f, 0x04, 0x4e,
    0x4f, 0x82, 0x42, 0xf8, 0x07, 0x8e, 0x4e, 0x39, 0xea, 0xd9, 0xe4, 0xe7,
    0x99, 0x7b, 0xc8, 0xd3, 0xba, 0x1e, 0x0b, 0xbb, 0x63, 0xf9, 0x9e, 0xcc,
    0xfd, 0x51, 0x9b, 0x47, 0xf2, 0x5f, 0x30, 0x10, 0xb5, 0x98, 0x89, 0x5f,
    0xda, 0x3d, 0x12, 0x73, 0x0e, 0xe2, 0xd3, 0x79, 0x3c, 0xf0, 0x6f, 0x81,
    0x0a, 0x16, 0x1f, 0xab, 0x18, 0x7a, 0xae, 0x54, 0x8b, 0xbc, 0x03, 0x64,
    0x3e, 0x01, 0xa7, 0x4e, 0xc3, 0xd8, 0xed, 0x61, 0x96, 0xd7, 0xcd, 0x78,
    0xad, 0x64, 0x4e, 0xc1, 0x52, 0x51, 0xc1, 0x44, 0xec, 0x0a, 0x7c, 0x6a,
    0xc0, 0x3e, 0x4b, 0x16, 0x06, 0x2d, 0x1e, 0x50, 0xf2, 0xcf, 0x55, 0xc0,
    0xeb, 0xc2, 0x39, 0xc2, 0xee, 0xde, 0x2d, 0xef, 0x0f, 0x55, 0xf6, 0x47,
    0xbd, 0x57, 0xb4, 0x3e, 0x2e, 0x2a, 0x14, 0xdb, 0xdc, 0x34, 0xce, 0xb9,
    0x42, 0x29, 0x32, 0x29, 0xd5, 0xf8, 0xd4, 0x44, 0x37, 0x7f, 0x02, 0xe0,
    0x27, 0x4e, 0xbb, 0x0e, 0xdb, 0xef, 0x31, 0xdc, 0x1d, 0xda, 0x1d, 0x05,
    0x1c, 0x6c, 0x9b, 0x3b, 0x59, 0x4d, 0x3d, 0xd9, 0xc4, 0xc0, 0x22, 0xd1,
    0xf6, 0xf5, 0xc3, 0x31, 0x0e, 0xf7, 0xcc, 0xfd, 0xf4, 0x34, 0x08, 0x39,
    0xfd, 0xe6, 0xe7, 0xd5, 0xd1, 0x4f, 0xff, 0x15, 0xaa, 0x2a, 0xf5, 0xd7,
    0xf1, 0x58, 0x00, 0x3d, 0x0d, 0x05, 0x23, 0x13, 0x85, 0xd2, 0xf5, 0x1d,
    0x42, 0x41, 0x15, 0x1c, 0x64, 0x44, 0x10, 0xc3, 0x06, 0x81, 0xee, 0x20,
    0xc3, 0xe4, 0xfa, 0x53, 0xe1, 0x1e, 0xc3, 0xbe, 0x9d, 0xbc, 0x01, 0xd9,
    0xea, 0xdc, 0x36, 0xca, 0xb5, 0xaf, 0x09, 0xfd, 0xac, 0x49, 0xfc, 0xa4,
    0xe7, 0xef, 0x75, 0x0c, 0x4c, 0x4a, 0xc4, 0x56, 0xb8, 0xbc, 0xb0, 0xa8,
    0xf7, 0xa9, 0xf4, 0x91, 0x01, 0x55, 0xf2, 0x56, 0x00, 0x5d, 0x02, 0xcb,
    0xf9, 0x6d, 0xfc, 0x19, 0x0c, 0xa3, 0x9b, 0x22, 0x33, 0x95, 0x53, 0xaa,
    0x24, 0x1b, 0x9e, 0xdc, 0xc4, 0xff, 0x19, 0xaa, 0x51, 0x23, 0xff, 0xfa,
    0x33, 0x17, 0x03, 0xfd, 0x2c, 0xcf, 0x2f, 0xc6, 0xc0, 0x4c, 0xd4, 0x13,
    0x48, 0x1d, 0xc6, 0xde, 0x2b, 0xcc, 0xf6, 0x28, 0xb6, 0x1d, 0xbf, 0xdc,
    0x3d, 0x3d, 0xe8, 0xf3, 0x22, 0xe4, 0xfe, 0x40, 0xbd, 0x50, 0x1b, 0x26,
    0xba, 0xd2, 0xcb, 0xe9, 0x46, 0x2d, 0xf9, 0x4d, 0xdc, 0x7f, 0xbf, 0xa2,
    0x35, 0xd5, 0x42, 0xdd, 0x36, 0x45, 0xde, 0x38, 0xae, 0x2b, 0x08, 0xec,
    0x10, 0x0c, 0xb0, 0x10, 0x40, 0xdb, 0xd4, 0xf3, 0x29, 0xfd, 0xca, 0xdc,
    0x48, 0x2d, 0xd3, 0x29, 0x1b, 0x5d, 0xe5, 0xe4, 0xd0, 0x22, 0x39, 0xeb,
    0xdf, 0xf4, 0x2a, 0xd5, 0xf3, 0xe5, 0xf3, 0xf2, 0xba, 0x48, 0x11, 0xd9,
    0x90, 0xf8, 0xd7, 0xad, 0xd6, 0x8f, 0xf7, 0x52, 0xcf, 0x10, 0xf9, 0x98,
    0xee, 0x36, 0x9d, 0x41, 0xc9, 0xb0, 0xb9, 0x47, 0xd3, 0xc4, 0xe1, 0x0a,
    0x7e, 0xc0, 0xba, 0x2d, 0xb3, 0xbc, 0x3f, 0x7b, 0x15, 0x0a, 0x2f, 0x7d,
    0x9e, 0xd1, 0x3c, 0x86, 0x24, 0x5a, 0xd9, 0x79, 0xa6, 0xa0, 0x2e, 0xfd,
    0x1a, 0x73, 0xd4, 0xc9, 0xfc, 0x89, 0x65, 0xce, 0xb8, 0xd3, 0x81, 0x82,
    0xf4, 0xd1, 0x0a, 0xf8, 0x15, 0xff, 0x0a, 0x88, 0x53, 0x66, 0xac, 0xfc,
    0x6f, 0x0e, 0x50, 0x1d, 0x7b, 0x1e, 0xe9, 0xaf, 0xf6, 0xcf, 0xcd, 0x23,
    0x6d, 0x67, 0x96, 0xf7, 0x51, 0xbb, 0x13, 0x8d, 0xef, 0x10, 0xcc, 0xef,
    0xe2, 0x62, 0xe9, 0x6a, 0xce, 0x44, 0xcb, 0x1d, 0x9f, 0x1f, 0x5d, 0x7f,
    0xe8, 0x46, 0xbb, 0x27, 0x9a, 0x37, 0x50, 0x38, 0x21, 0x34, 0x29, 0x47,
    0xb3, 0x54, 0x7c, 0x17, 0x33, 0xf6, 0x4a, 0x1b, 0xd2, 0xb9, 0x54, 0xb3,
    0xd1, 0xc4, 0xb5, 0x22, 0x55, 0x1b, 0x97, 0xb0, 0xb2, 0xd3, 0x52, 0xea,
    0x67, 0x13, 0x5a, 0x6f, 0xb8, 0x74, 0x0a, 0x19, 0xcf, 0xd5, 0xc8, 0x32,
    0x23, 0xe1, 0x5d, 0xda, 0x11, 0xbe, 0xef, 0xf7, 0xd3, 0x19, 0x05, 0xc8,
    0x1a, 0xe0, 0xe1, 0xf1, 0x44, 0x23, 0xfa, 0xe7, 0xf7, 0xbb, 0xaf, 0x33,
    0xa1, 0x18, 0x06, 0x48, 0xfa, 0x55, 0xa6, 0xb5, 0xab, 0x65, 0xff, 0xc5,
    0x0d, 0xcb, 0x07, 0xed, 0xae, 0x02, 0x67, 0xdf, 0xb4, 0xb6, 0xe5, 0x58,
    0xb9, 0xc2, 0xfc, 0x06, 0xca, 0xc5, 0x02, 0x4a, 0x18, 0xdc, 0x4d, 0x52,
    0x55, 0xe7, 0x1e, 0xd9, 0xc3, 0x6a, 0x12, 0xd8, 0x0f, 0x0c, 0x66, 0xf7,
    0xcf, 0xc0, 0x0d, 0x42, 0x06, 0xdd, 0xb7, 0x47, 0x10, 0x45, 0xc4, 0x2b,
    0x64, 0x05, 0xf2, 0x25, 0xf7, 0x1e, 0x29, 0x81, 0x67, 0xdf, 0xc8, 0xde,
    0xeb, 0x22, 0xc5, 0xf4, 0xb5, 0xd9, 0xd1, 0x69, 0xe8, 0x03, 0xeb, 0xf3,
    0xed, 0x3a, 0xb1, 0x5f, 0xf4, 0xc6, 0x62, 0x2e, 0x5f, 0xc0, 0x3c, 0x4f,
    0xca, 0x1d, 0xea, 0x15, 0xfb, 0xfa, 0xc5, 0xe1, 0x57, 0xc9, 0x01, 0x0b,
    0x52, 0xc6, 0xe1, 0x22, 0xd2, 0x46, 0xd3, 0x43, 0xed, 0xcf, 0xe5, 0xe8,
    0x13, 0x52, 0x1d, 0x81, 0x36, 0x44, 0x4e, 0xc7, 0x56, 0xbd, 0xf1, 0xc2,
    0x4c, 0x52, 0xc5, 0xba, 0x0b, 0x71, 0xf2, 0xea, 0x2b, 0x96, 0xf9, 0x51,
    0x2a, 0xf6, 0x12, 0xe1, 0x4a, 0xb7, 0xcb, 0xd0, 0x3b, 0xff, 0x2a, 0x4a,
    0x74, 0xec, 0xe7, 0x56, 0xdd, 0x21, 0xc8, 0xb1, 0xbd, 0xe8, 0x3d, 0x3f,
    0x28, 0x07, 0x0f, 0x0a, 0xb6, 0x1f, 0x67, 0x0e, 0xf4, 0x54, 0x4a, 0xa8,
    0xb3, 0xc7, 0x3f, 0x33, 0x0f, 0x9e, 0xdb, 0x6a, 0x5d, 0xd9, 0x52, 0xe9,
    0xe8, 0x05, 0xe5, 0xc1, 0xfa, 0x4c, 0xc2, 0x04, 0x66, 0x12, 0x23, 0xdb,
    0xac, 0x35, 0xb6, 0xa6, 0x22, 0xe8, 0xc9, 0xc9, 0x91, 0xf7, 0xd2, 0x36,
    0xf8, 0x5d, 0x6d, 0xab, 0xc7, 0x24, 0xae, 0xd2, 0xb4, 0xfc, 0x31, 0x32,
    0x2f, 0x09, 0xdb, 0x54, 0x5c, 0x81, 0x84, 0x01, 0x30, 0x99, 0xf2, 0x47,
    0xcb, 0x52, 0x8d, 0x6a, 0xe6, 0x1b, 0xf0, 0xed, 0x2d, 0xc2, 0x13, 0x1b,
    0x3d, 0xda, 0xb5, 0xd4, 0xd5, 0xbf, 0x60, 0x28, 0x5e, 0x62, 0xf7, 0x3d,
    0xf4, 0x38, 0x3a, 0x07, 0x29, 0x05, 0xf2, 0x8f, 0xdf, 0x11, 0x8b, 0xb1,
    0x42, 0xb7, 0x28, 0xdb, 0x86, 0x1e, 0x54, 0xfe, 0x3e, 0xb4, 0xd1, 0x95,
    0xe2, 0x06, 0xa9, 0xeb, 0xad, 0xe1, 0x14, 0x30, 0x56, 0xd5, 0x42, 0xd4,
    0xce, 0xe9, 0xc2, 0x07, 0x2b, 0xc3, 0xbd, 0x37, 0xb9, 0x36, 0x39, 0x5d,
    0x3e, 0x5b, 0xe7, 0xe1, 0xc3, 0x3c, 0x93, 0xe6, 0x11, 0x1a, 0xd2, 0x9e,
    0x03, 0xa7, 0x29, 0x5e, 0x0a, 0xf7, 0x5a, 0xd7, 0x54, 0x4c, 0xb6, 0x18,
    0xcc, 0xf8, 0xb0, 0x36, 0xc6, 0xac, 0xf7, 0x61, 0x16, 0x46, 0x9e, 0x10,
    0xb8, 0x1b, 0x15, 0xcf, 0xcf, 0xd8, 0x34, 0xfd, 0x04, 0x46, 0x93, 0x02,
    0x1e, 0x81, 0x2c, 0xc9, 0x01, 0xde, 0x76, 0x29, 0xa8, 0x92, 0x39, 0x24,
    0x58, 0x1c, 0xa8, 0x55, 0x5b, 0x67, 0x21, 0x08, 0x22, 0x23, 0xf3, 0xb6,
    0x47, 0x32, 0xe1, 0x4c, 0xfd, 0xf7, 0x06, 0xab, 0x6a, 0x9e, 0xa7, 0x49,
    0x45, 0xa5, 0xa1, 0x29, 0x61, 0xfa, 0xe6, 0x7d, 0x4a, 0xde, 0x07, 0xa9,
    0xaa, 0x21, 0xf0, 0x20, 0x7c, 0xe6, 0xbb, 0xc5, 0x3a, 0x2f, 0x4c, 0x53,
    0x10, 0xc5, 0xa5, 0xbe, 0x0c, 0xbb, 0x5b, 0x3b, 0xd2, 0xe2, 0xfe, 0x06,
    0xdb, 0x22, 0xe3, 0x60, 0x02, 0x58, 0xde, 0xb6, 0xfc, 0x16, 0x63, 0x3e,
    0xc6, 0xc2, 0xfd, 0xa5, 0x49, 0x0d, 0x6b, 0xcc, 0x12, 0x15, 0xd1, 0x87,
    0x10, 0x32, 0x26, 0xab, 0xec, 0x39, 0x78, 0xb9, 0xab, 0x23, 0xe5, 0xef,
    0xe8, 0x72, 0xf4, 0x3d, 0xd8, 0x17, 0x78, 0x19, 0xe3, 0xf6, 0xad, 0x11,
    0xa1, 0xca, 0xab, 0x2e, 0xef, 0x42, 0xaa, 0x08, 0xbd, 0x16, 0x7f, 0xb8,
    0x1a, 0xc2, 0xd6, 0x57, 0x36, 0x07, 0xde, 0xd4, 0xe6, 0xc3, 0xed, 0x45,
    0x22, 0x57, 0xa9, 0xb4, 0x30, 0xba, 0x0c, 0xcf, 0x26, 0xd2, 0xfb, 0x1b,
    0x43, 0xf0, 0x05, 0x38, 0xea, 0x1a, 0x51, 0xf2, 0xc5, 0xf9, 0x54, 0x49,
    0xbb, 0x1f, 0x04, 0xcd, 0x2d, 0x07, 0xc2, 0xd7, 0xa4, 0x81, 0xe1, 0x0d,
    0x32, 0x0a, 0x12, 0x0f, 0xdc, 0x24, 0x43, 0xd9, 0x42, 0x10, 0xc2, 0xf1,
    0xd1, 0x21, 0xca, 0xdc, 0xce, 0xee, 0xf8, 0xca, 0xc3, 0x2e, 0xc8, 0xfb,
    0xfe, 0xb1, 0x36, 0x3f, 0xba, 0x3a, 0x48, 0x16, 0x42, 0x4f, 0x08, 0xfd,
    0x2b, 0x3c, 0x2e, 0x4a, 0xcf, 0xcc, 0x08, 0xc7, 0xdf, 0xd5, 0xad, 0xb5,
    0xd2, 0x13, 0xae, 0x08, 0xed, 0x1a, 0x90, 0xc1, 0xe1, 0x25, 0xb4, 0xce,
    0x4c, 0xb5, 0x4a, 0x7b, 0xfb, 0xb5, 0x40, 0xd9, 0xb9, 0xca, 0x0b, 0x2a,
    0x18, 0x48, 0xe2, 0x89, 0xb4, 0xb1, 0xe2, 0x1b, 0x02, 0x12, 0xa4, 0xca,
    0x13, 0x7f, 0x36, 0xf0, 0x8a, 0x09, 0x56, 0xf4, 0xbf, 0x55, 0xea, 0x17,
    0xb3, 0xef, 0x0d, 0xc3, 0xd2, 0xad, 0x71, 0x2e, 0xba, 0x15, 0x0f, 0x48,
    0x1e, 0x8b, 0xee, 0x0c, 0x57, 0x71, 0xa8, 0x9b, 0xe6, 0xc9, 0xbd, 0x71,
    0x12, 0xbd, 0xaa, 0xdf, 0x18, 0x17, 0xb0, 0x5e, 0x54, 0x8a, 0xe1, 0x19,
    0x54, 0xab, 0xa1, 0x31, 0x52, 0xf7, 0xf8, 0x96, 0xd3, 0x0a, 0x10, 0xd2,
    0xe0, 0x6b, 0x79, 0x47, 0x3c, 0xe3, 0x3c, 0xd0, 0x29, 0x8b, 0x44, 0x3c,
    0x34, 0xb1, 0x44, 0xb2, 0xac, 0x09, 0xb3, 0xae, 0x1e, 0x43, 0x22, 0x4c,
    0x34, 0x05, 0x34, 0xc3, 0x03, 0x45, 0x5d, 0x0d, 0xb4, 0xf4, 0x04, 0xc3,
    0x00, 0x7f, 0x32, 0x00, 0xfd, 0xea, 0xc2, 0xeb, 0xf1, 0x3b, 0x0c, 0xa0,
    0x3d, 0x0e, 0xea, 0xee, 0xda, 0x27, 0x59, 0x07, 0xd3, 0x47, 0x3e, 0x4b,
    0xe4, 0x05, 0xbb, 0xe4, 0xf0, 0x3f, 0x2a, 0x3f, 0xaf, 0xb2, 0x15, 0xed,
    0xeb, 0xe5, 0xe5, 0xdf, 0x40, 0xf3, 0x20, 0x05, 0x15, 0x27, 0xb1, 0xb7,
    0xb0, 0xea, 0x1d, 0x5e, 0x36, 0xc7, 0x2f, 0xb3, 0xd5, 0x48, 0xbd, 0xe4,
    0xb2, 0xa1, 0xa4, 0xbc, 0x11, 0x2e, 0xf5, 0x4f, 0xf4, 0x62, 0xc3, 0x32,
    0xfe, 0x18, 0x41, 0x42, 0x48, 0x0d, 0xef, 0x15, 0x7c, 0x44, 0xfe, 0x2a,
    0x23, 0xe1, 0x7f, 0x36, 0xd6, 0x3e, 0x0b, 0xb9, 0xed, 0xf9, 0xc1, 0x5a,
    0x06, 0xaf, 0x5f, 0xb7, 0x5d, 0x35, 0x46, 0xd6, 0x82, 0xbb, 0x08, 0xcc,
    0x7a, 0xfb, 0x14, 0xcc, 0x17, 0xbb, 0x3d, 0x41, 0x4b, 0xf3, 0x48, 0xa8,
    0x29, 0xf9, 0x1e, 0x24, 0x55, 0x22, 0x3c, 0xad, 0xfc, 0xf6, 0x40, 0x2b,
    0x19, 0xf3, 0x09, 0x25, 0xe5, 0x4a, 0xa2, 0x0e, 0xc4, 0x2b, 0x53, 0x5a,
    0xd8, 0x10, 0x07, 0x46, 0x56, 0x22, 0x9c, 0x95, 0xc3, 0x9e, 0xe8, 0xc5,
    0xd7, 0xff, 0xf9, 0x36, 0x88, 0x0c, 0x0a, 0x15, 0x36, 0xdc, 0x2b, 0xdb,
    0xdd, 0x31, 0x5a, 0xef, 0x36, 0xc1, 0xfe, 0xff, 0xe8, 0x8d, 0x5f, 0x48,
    0x60, 0x02, 0x4a, 0x39, 0xb7, 0x05, 0xc0, 0xb3, 0x66, 0xc7, 0xdd, 0x1a,
    0x2c, 0x54, 0x4f, 0xc7, 0x97, 0x9d, 0xfe, 0x40, 0x30, 0xe8, 0x1f, 0x42,
    0xcf, 0x1f, 0xb8, 0x3e, 0x5e, 0xc6, 0xc2, 0x49, 0xd2, 0x2b, 0xf5, 0x38,
    0xf5, 0xd8, 0x0f, 0x76, 0xb8, 0xde, 0x20, 0xed, 0xc3, 0xe0, 0xad, 0xe7,
    0x20, 0xa7, 0x28, 0xb2, 0xcb, 0x84, 0x70, 0x02, 0x46, 0x31, 0x56, 0x57,
    0xe7, 0xcd, 0x3b, 0x4a, 0xfe, 0xc7, 0x0f, 0x7f, 0x20, 0xbe, 0x10, 0xf6,
    0x67, 0x26, 0xf6, 0x5d, 0x42, 0x0b, 0xa4, 0x16, 0x74, 0x21, 0x59, 0x54,
    0x10, 0x34, 0xdd, 0x1a, 0x07, 0xce, 0x2a, 0x41, 0x51, 0x72, 0xb1, 0x3c,
    0xf6, 0x2a, 0x0c, 0x28, 0x37, 0xd9, 0x38, 0xc0, 0x94, 0x95, 0x11, 0xde,
    0xde, 0xb7, 0x62, 0xb9, 0xd5, 0xde, 0xec, 0xa9, 0xfe, 0x3d, 0xb9, 0xb6,
    0x07, 0x39, 0xd6, 0x31, 0x04, 0x01, 0xc0, 0x4d, 0xfd, 0x85, 0xb6, 0xed,
    0x0e, 0x18, 0xc4, 0x20, 0xab, 0xed, 0x10, 0xb0, 0x0b, 0xfb, 0xb3, 0x4f,
    0x54, 0x61, 0xc2, 0x9f, 0x18, 0x15, 0xbe, 0xb0, 0x60, 0xb0, 0xe2, 0x3e,
    0x13, 0xce, 0x3c, 0x2e, 0x0f, 0x2a, 0x13, 0x81, 0xa4, 0xeb, 0x25, 0x04,
    0xbc, 0xa7, 0xe3, 0xa9, 0x3b, 0x4b, 0xef, 0x77, 0xed, 0x7b, 0x7f, 0xc4,
    0xe4, 0xfd, 0x55, 0x05, 0x21, 0xfc, 0xc8, 0x07, 0xcd, 0x26, 0x0c, 0xa7,
    0xc9, 0xb7, 0x3e, 0xb7, 0x12, 0x2a, 0x4e, 0xe3, 0x31, 0x39, 0x99, 0x55,
    0x13, 0xe7, 0xe0, 0x36, 0xff, 0x44, 0x95, 0xde, 0x38, 0xe6, 0xde, 0x42,
    0xe5, 0xea, 0x52, 0x57, 0xca, 0x6a, 0xbd, 0x58, 0xf4, 0xb3, 0x99, 0xef,
    0x4b, 0xa8, 0x31, 0xf4, 0x4e, 0x30, 0x5a, 0xe5, 0xbe, 0xd7, 0x20, 0xcd,
    0xc2, 0x05, 0xd6, 0xc1, 0x4d, 0x06, 0xcb, 0x44, 0x1a, 0x47, 0x5a, 0x0d,
    0x03, 0x0b, 0xa8, 0xcb, 0x6f, 0x03, 0x75, 0x1a, 0x35, 0x30, 0xe7, 0xc4,
    0x1e, 0x14, 0x01, 0xe6, 0xfd, 0xcd, 0xeb, 0x3c, 0x31, 0xda, 0x1d, 0xf7,
    0xd1, 0xc2, 0xe8, 0x2c, 0xbc, 0xe6, 0x2b, 0xa8, 0xd1, 0x11, 0x3b, 0x0c,
    0xc4, 0x15, 0xc8, 0xc7, 0xe9, 0x44, 0x0a, 0xc3, 0x3a, 0x22, 0xcb, 0xab,
    0xe5, 0x28, 0xf6, 0xf3, 0x2c, 0xa0, 0xe3, 0xf0, 0xc5, 0x33, 0xff, 0xe5,
    0x9c, 0xc0, 0x42, 0xf4, 0x25, 0x18, 0x1c, 0x29, 0x2c, 0xe1, 0xf5, 0xe5,
    0x11, 0xd9, 0xf9, 0x19, 0xe3, 0x23, 0xe5, 0x3a, 0x1f, 0xed, 0xb6, 0x4a,
    0x23, 0x0e, 0x20, 0xc1, 0x00, 0xf4, 0xd9, 0x35, 0xdb, 0x2e, 0xc3, 0xd7,
    0x26, 0x39, 0xc7, 0x1e, 0x05, 0xe2, 0xed, 0x81, 0x37, 0xc8, 0x17, 0xcb,
    0x2f, 0x2f, 0xe9, 0xb6, 0x04, 0xd0, 0x0c, 0xd4, 0x47, 0xc5, 0xcb, 0xe0,
    0x25, 0xc8, 0xdc, 0xb8, 0x3b, 0x39, 0xe0, 0x7f, 0x05, 0xdb, 0x0e, 0x14,
    0x00, 0x06, 0xbc, 0x22, 0x22, 0x43, 0x4a, 0x54, 0xd4, 0xa8, 0x24, 0x62,
    0xde, 0x1c, 0x41, 0x33, 0x53, 0xe8, 0xc0, 0x06, 0xf2, 0x08, 0x11, 0x31,
    0x1f, 0x37, 0x13, 0x3a, 0xf1, 0x0f, 0xbb, 0xab, 0xf1, 0xee, 0x4d, 0xda,
    0x14, 0x5e, 0xd8, 0x10, 0x1a, 0x66, 0x65, 0x3f, 0xaf, 0xd1, 0xd5, 0x22,
    0x05, 0x1e, 0xdc, 0xf2, 0xf9, 0xab, 0x41, 0x92, 0x42, 0xec, 0x20, 0x39,
    0x19, 0x22, 0xcd, 0xf0, 0xa3, 0xeb, 0xe7, 0x63, 0x07, 0xf5, 0xca, 0xec,
    0xd6, 0x4c, 0xeb, 0x71, 0xb0, 0x0f, 0xe5, 0x0b, 0x8a, 0xfe, 0xa7, 0xbd,
    0x4a, 0xfe, 0xf9, 0x38, 0x42, 0xa0, 0x0a, 0x84, 0xb8, 0x3b, 0x68, 0x42,
    0x1a, 0xc1, 0x79, 0x5b, 0xc9, 0x04, 0x53, 0xef, 0xc7, 0xc7, 0xcc, 0x36,
    0x5e, 0xd4, 0x5f, 0x41, 0xdb, 0x5c, 0xf6, 0x96, 0x46, 0xc5, 0x18, 0x97,
    0x30, 0x6b, 0x7f, 0xd4, 0x16, 0xaa, 0xa2, 0xf5, 0x07, 0x36, 0x2d, 0xd5,
    0x10, 0x0a, 0xa3, 0x03, 0x10, 0x90, 0x55, 0x0d, 0xb7, 0xb4, 0xb2, 0xab,
    0xe9, 0xef, 0x2f, 0x02, 0x46, 0x36, 0xdb, 0x20, 0x72, 0x1e, 0x4a, 0x39,
    0xb8, 0xb1, 0x03, 0x2d, 0x5c, 0x15, 0x45, 0xb3, 0xb7, 0xce, 0x78, 0xbc,
    0x13, 0x22, 0x02, 0xd9, 0x37, 0xa7, 0xe9, 0x1e, 0x3a, 0x16, 0xa8, 0x65,
    0x0c, 0xc2, 0x32, 0xb0, 0x22, 0xf3, 0x97, 0x0b, 0x07, 0xf4, 0xc1, 0x40,
    0x56, 0xb8, 0x21, 0x43, 0xe4, 0x2e, 0x24, 0x3d, 0x1c, 0x6e, 0x16, 0x73,
    0xea, 0xc3, 0x0b, 0xf8, 0x30, 0xbb, 0xee, 0xbe, 0x81, 0xba, 0xbc, 0xd3,
    0x04, 0x3a, 0x08, 0xbe, 0x04, 0xf0, 0x2a, 0x42, 0x93, 0xc3, 0x5b, 0xf7,
    0xec, 0x2a, 0x00, 0x1a, 0x04, 0xcc, 0xf6, 0x48, 0xf9, 0xaa, 0x67, 0x08,
    0x3f, 0x9a, 0x22, 0xbe, 0x19, 0xb7, 0x25, 0x0c, 0x61, 0xd4, 0x5f, 0xf1,
    0x37, 0x53, 0x8f, 0x25, 0xb4, 0xda, 0x43, 0x20, 0x54, 0x30, 0xe1, 0xd8,
    0x42, 0x17, 0xc9, 0xe9, 0xca, 0xa0, 0x35, 0xdf, 0xe2, 0xfb, 0x19, 0xf2,
    0xeb, 0xf4, 0x9d, 0xc9, 0x11, 0x20, 0x99, 0x36, 0xa0, 0x1c, 0x07, 0x4f,
    0x68, 0xaf, 0xc5, 0x40, 0x96, 0xf4, 0x56, 0x62, 0x3f, 0x6a, 0xa8, 0x57,
    0xcf, 0xec, 0x33, 0xe3, 0xd6, 0xeb, 0x9d, 0x6d, 0xe1, 0x38, 0xa2, 0x17,
    0xfb, 0xf0, 0x41, 0x1c, 0xb5, 0xce, 0xce, 0xc0, 0x8a, 0xf2, 0xc9, 0xb4,
    0x2f, 0xf7, 0x93, 0x05, 0xc1, 0x39, 0x02, 0x29, 0xfa, 0x89, 0x5c, 0xb2,
    0xfc, 0x9b, 0x23, 0x95, 0xc9, 0x04, 0x17, 0xa5, 0x32, 0xc3, 0xc0, 0xa6,
    0x3f, 0x5d, 0xff, 0x40, 0x81, 0xed, 0x1d, 0xc4, 0x3d, 0x51, 0x26, 0x21,
    0x16, 0x23, 0xf4, 0xe2, 0x4f, 0xdb, 0xe2, 0x18, 0x3b, 0x16, 0x49, 0x1e,
    0xff, 0x16, 0xfd, 0x50, 0x09, 0x21, 0x7f, 0xf4, 0xc0, 0xf9, 0x1b, 0xd8,
    0xdf, 0xfa, 0xf2, 0x22, 0x30, 0xd9, 0xc8, 0x11, 0xea, 0x35, 0xf0, 0xc7,
    0xca, 0xf6, 0x19, 0x1c, 0xd9, 0xe9, 0x1f, 0x3a, 0xb4, 0x51, 0xf3, 0x57,
    0xf1, 0x4d, 0x25, 0xac, 0x1d, 0xe4, 0x54, 0xda, 0x4c, 0x53, 0x40, 0xb6,
    0xbe, 0xb8, 0x10, 0x31, 0x51, 0xdc, 0x0e, 0x09, 0xff, 0xd8, 0x3e, 0x2b,
    0xf4, 0xd3, 0x09, 0x0a, 0x22, 0x39, 0xd4, 0x1c, 0xfa, 0x44, 0x4f, 0xc9,
    0xf3, 0x37, 0x4e, 0xfc, 0xe6, 0x2c, 0xea, 0xe3, 0xfd, 0x3c, 0xd5, 0xe9,
    0x4b, 0x51, 0x04, 0x2a, 0x9a, 0xde, 0x63, 0xbf, 0x0a, 0xee, 0x40, 0x50,
    0x4d, 0x56, 0xb7, 0x90, 0x67, 0xe9, 0xc3, 0x5d, 0x4e, 0x81, 0xf4, 0x9d,
    0x57, 0xfe, 0xaf, 0xd1, 0xfb, 0x32, 0x20, 0xf3, 0x29, 0xb9, 0x93, 0x43,
    0xfb, 0x68, 0x05, 0x18, 0x2d, 0xca, 0x02, 0xda, 0xec, 0xe6, 0x4e, 0xe1,
    0xd7, 0x41, 0xe9, 0x5c, 0xac, 0x38, 0x31, 0xaa, 0x2f, 0xe7, 0xf1, 0xf9,
    0xb6, 0x9e, 0xdf, 0xc5, 0xc8, 0x40, 0xfd, 0xfd, 0xd9, 0xd6, 0xb9, 0xa3,
    0x44, 0x4e, 0xb0, 0x0d, 0xca, 0x46, 0x46, 0xbd, 0x95, 0x0b, 0x47, 0x44,
    0xb1, 0x44, 0xbe, 0x1d, 0xa6, 0x1e, 0xed, 0x56, 0x0e, 0x2f, 0xe3, 0xf5,
    0x4d, 0xc6, 0x79, 0x89, 0x5c, 0x99, 0x81, 0x71, 0xc8, 0x72, 0x2a, 0x87,
    0x9d, 0x85, 0xfb, 0x66, 0x8e, 0x7b, 0xc1, 0x77, 0xf2, 0x03, 0xe7, 0xc8,
    0x28, 0xb2, 0x8d, 0xc2, 0x8a, 0x07, 0xb7, 0x25, 0xb4, 0x1f, 0xde, 0x4a,
    0x50, 0xff, 0xd7, 0x17, 0x72, 0x77, 0x60, 0xab, 0x32, 0x95, 0xce, 0x1c,
    0xd3, 0x20, 0xe9, 0x0f, 0x22, 0x0f, 0xcf, 0x51, 0xef, 0x8c, 0x6f, 0x65,
    0x9e, 0x29, 0x66, 0xfa, 0x94, 0xe8, 0x2e, 0xea, 0x91, 0x02, 0x29, 0x75,
    0xf8, 0xcb, 0x25, 0xa8, 0x4a, 0x0d, 0xf4, 0x7a, 0x23, 0x3e, 0x40, 0x84,
    0xb5, 0x67, 0x06, 0xee, 0xda, 0x19, 0x94, 0xcd, 0x22, 0x10, 0x20, 0x62,
    0x7e, 0xfc, 0xff, 0xff, 0x04, 0x00, 0x00, 0x00, 0xc0, 0x00, 0x00, 0x00,
    0x4d, 0x02, 0x00, 0x00, 0x9d, 0x00, 0x00, 0x00, 0xfb, 0xff, 0xff, 0xff,
    0xda, 0x01, 0x00, 0x00, 0x9e, 0xfe, 0xff, 0xff, 0xd2, 0xfe, 0xff, 0xff,
    0x57, 0xff, 0xff, 0xff, 0xde, 0x00, 0x00, 0x00, 0x13, 0x01, 0x00, 0x00,
    0x52, 0x01, 0x00, 0x00, 0xa3, 0xff, 0xff, 0xff, 0x00, 0x00, 0x00, 0x00,
    0xef, 0xfe, 0xff, 0xff, 0xf3, 0x01, 0x00, 0x00, 0x6c, 0x02, 0x00, 0x00,
    0xf7, 0x00, 0x00, 0x00, 0x4b, 0x02, 0x00, 0x00, 0xcf, 0x02, 0x00, 0x00,
    0x7d, 0xff, 0xff, 0xff, 0xc1, 0x02, 0x00, 0x00, 0xbe, 0xfe, 0xff, 0xff,
    0x0b, 0x00, 0x00, 0x00, 0x61, 0x01, 0x00, 0x00, 0x57, 0x01, 0x00, 0x00,
    0xdb, 0xff, 0xff, 0xff, 0xf8, 0x00, 0x00, 0x00, 0x00, 0x00, 0x00, 0x00,
    0x5e, 0x01, 0x00, 0x00, 0x34, 0x02, 0x00, 0x00, 0xd4, 0x00, 0x00, 0x00,
    0x11, 0xfe, 0xff, 0xff, 0x92, 0x01, 0x00, 0x00, 0xc4, 0x02, 0x00, 0x00,
    0x2c, 0x01, 0x00, 0x00, 0xce, 0x01, 0x00, 0x00, 0xf9, 0xff, 0xff, 0xff,
    0x8a, 0x00, 0x00, 0x00, 0x1f, 0x01, 0x00, 0x00, 0x39, 0xfe, 0xff, 0xff,
    0x69, 0x01, 0x00, 0x00, 0xf6, 0x00, 0x00, 0x00, 0x8e, 0x01, 0x00, 0x00,
    0x8e, 0xfe, 0xff, 0xff, 0x6b, 0x01, 0x00, 0x00, 0xb9, 0xfe, 0xff, 0xff,
    0xd0, 0x01, 0x00, 0x00, 0xb0, 0x00, 0x00, 0x00, 0x80, 0xff, 0xff, 0xff,
    0x4a, 0xfd, 0xff, 0xff, 0x04, 0x00, 0x00, 0x00, 0xe0, 0x01, 0x00, 0x00,
    0x81, 0xb3, 0x41, 0xf6, 0xee, 0xb0, 0x1a, 0xda, 0xb5, 0x33, 0xbe, 0x26,
    0x09, 0x46, 0xff, 0x5d, 0xbf, 0x12, 0x44, 0xef, 0xcd, 0x13, 0xbf, 0xd7,
    0x02, 0x37, 0xbb, 0xed, 0xee, 0xa4, 0x03, 0xe4, 0xf4, 0x40, 0x30, 0x59,
    0x5a, 0xe8, 0xac, 0x9c, 0x19, 0xa7, 0x5a, 0x29, 0x11, 0x24, 0xc8, 0xca,
    0x23, 0x3c, 0xc1, 0xbc, 0x22, 0xca, 0xba, 0x00, 0x48, 0xec, 0x0d, 0x81,
    0xeb, 0x0a, 0xec, 0x0b, 0xdb, 0x4f, 0xbe, 0xaf, 0xdc, 0x3d, 0xb4, 0xc9,
    0x33, 0xed, 0x28, 0xfd, 0x55, 0x62, 0xce, 0x27, 0xb9, 0x48, 0xf7, 0x45,
    0x34, 0x39, 0xc5, 0xbe, 0x0d, 0x55, 0x18, 0x37, 0xe1, 0xae, 0x44, 0x46,
    0x74, 0xed, 0xe6, 0xed, 0xf6, 0xf5, 0x7b, 0x04, 0x2c, 0x63, 0xd0, 0x63,
    0xc2, 0xed, 0x1d, 0xa3, 0x22, 0xa7, 0xdf, 0xfd, 0xfe, 0xb0, 0x23, 0xb0,
    0x27, 0x62, 0xb2, 0xc6, 0x91, 0xd5, 0xc3, 0x7f, 0x54, 0x36, 0x39, 0x8b,
    0x72, 0x98, 0x0a, 0x50, 0x4f, 0xe7, 0x46, 0x04, 0x4d, 0x53, 0x47, 0xf9,
    0x43, 0x30, 0xbc, 0xe9, 0x52, 0xc0, 0xc9, 0x98, 0x12, 0x0d, 0x34, 0xbb,
    0x9e, 0x5d, 0x6f, 0xdb, 0x9e, 0x1a, 0x19, 0x51, 0xca, 0x60, 0x5b, 0x93,
    0x1c, 0x58, 0x4d, 0xe6, 0xb1, 0x59, 0xa2, 0xbd, 0x71, 0x87, 0x78, 0x16,
    0xd8, 0x11, 0xed, 0xe4, 0x7f, 0xd2, 0xeb, 0x40, 0xec, 0x50, 0xb5, 0xda,
    0xe6, 0x86, 0x16, 0xef, 0x25, 0xcc, 0xdd, 0x25, 0xd9, 0xdb, 0xdc, 0x37,
    0xcb, 0xb1, 0x5d, 0x3c, 0xe0, 0x4e, 0xe7, 0x05, 0xe7, 0xc2, 0x52, 0x67,
    0xee, 0xcc, 0x2f, 0x03, 0x8a, 0xda, 0x2c, 0xa9, 0xd1, 0xb9, 0xda, 0x5c,
    0x42, 0x29, 0xb3, 0xed, 0x81, 0x3c, 0xd3, 0x84, 0xcc, 0xc3, 0x64, 0xab,
    0x81, 0x6b, 0x77, 0x05, 0x92, 0xb5, 0x50, 0xa4, 0x73, 0xf9, 0x1e, 0x8b,
    0x52, 0xc6, 0xfc, 0xce, 0xe4, 0x29, 0x4e, 0xc6, 0x4d, 0xe5, 0xce, 0x2f,
    0xa1, 0xd9, 0xd0, 0x01, 0xcb, 0xd6, 0x3a, 0xc0, 0xfa, 0xa7, 0xc9, 0x55,
    0x95, 0x75, 0xe2, 0x69, 0xbb, 0xe8, 0x26, 0xbc, 0xc6, 0xc0, 0x97, 0x50,
    0x40, 0xfc, 0xa7, 0x2e, 0xe9, 0xea, 0x0d, 0x10, 0x56, 0xc4, 0x39, 0x1b,
    0x4f, 0xc7, 0x0c, 0x1e, 0x2a, 0x58, 0x39, 0x06, 0xb3, 0x2c, 0xe4, 0xc8,
    0xf2, 0xd8, 0xea, 0xa9, 0x3e, 0x5c, 0xb1, 0xb3, 0x9f, 0xf2, 0xf1, 0xfe,
    0xfc, 0x18, 0xcb, 0x3e, 0x3e, 0xfa, 0x0a, 0x81, 0xac, 0x4e, 0x05, 0x12,
    0x38, 0x4a, 0xbe, 0x34, 0xe9, 0x08, 0xf2, 0x41, 0xf4, 0xb8, 0xdd, 0x81,
    0x47, 0x02, 0x24, 0x49, 0xd7, 0xf3, 0xae, 0xed, 0xb0, 0x5a, 0xf9, 0x93,
    0x2a, 0x56, 0xed, 0xf5, 0xc7, 0x34, 0x06, 0xed, 0xba, 0x16, 0x31, 0x3c,
    0xf3, 0xc3, 0xfa, 0x0c, 0xe8, 0xec, 0x61, 0xd9, 0x09, 0xa3, 0x2f, 0x39,
    0x32, 0x41, 0x94, 0x6f, 0xee, 0xde, 0x98, 0xad, 0x4f, 0xf6, 0xe9, 0x77,
    0x3f, 0xc9, 0xd3, 0x9c, 0x61, 0x54, 0x3b, 0x72, 0x9b, 0xa5, 0x09, 0x0a,
    0xb4, 0x7f, 0x12, 0x86, 0xfc, 0xc3, 0x54, 0x45, 0x69, 0xb9, 0xe7, 0xec,
    0x94, 0x1a, 0x51, 0xf4, 0xc8, 0x4d, 0xd6, 0xe2, 0xb9, 0x63, 0x27, 0x29,
    0x56, 0xcf, 0xba, 0x12, 0xdb, 0xa3, 0x06, 0xcf, 0xca, 0xf7, 0xa6, 0x9e,
    0xd5, 0x81, 0x9f, 0xc2, 0x88, 0xf8, 0x15, 0xd4, 0x11, 0x64, 0x45, 0x5b,
    0x8a, 0xbf, 0x1d, 0xc8, 0xc8, 0xb5, 0x34, 0x02, 0x34, 0xf1, 0xca, 0x45,
    0x57, 0xcf, 0x59, 0xb6, 0x1f, 0x1c, 0x4e, 0xc5, 0xb3, 0xd9, 0xd8, 0xa3,
    0x36, 0xff, 0xff, 0xff, 0x04, 0x00, 0x00, 0x00, 0x28, 0x00, 0x00, 0x00,
    0xfc, 0x00, 0x00, 0x00, 0x22, 0x00, 0x00, 0x00, 0x8e, 0xff, 0xff, 0xff,
    0x5b, 0xff, 0xff, 0xff, 0x1c, 0x00, 0x00, 0x00, 0xaa, 0xfe, 0xff, 0xff,
    0xf7, 0xff, 0xff, 0xff, 0xe7, 0xfe, 0xff, 0xff, 0x5f, 0x01, 0x00, 0x00,
    0xb3, 0xff, 0xff, 0xff, 0x38, 0xff, 0xff, 0xff, 0x3c, 0xff, 0xff, 0xff,
    0x0f, 0x00, 0x00, 0x00, 0x4d, 0x4c, 0x49, 0x52, 0x20, 0x43, 0x6f, 0x6e,
    0x76, 0x65, 0x72, 0x74, 0x65, 0x64, 0x2e, 0x00, 0x01, 0x00, 0x00, 0x00,
    0x14, 0x00, 0x00, 0x00, 0x00, 0x00, 0x0e, 0x00, 0x18, 0x00, 0x14, 0x00,
    0x10, 0x00, 0x0c, 0x00, 0x08, 0x00, 0x04, 0x00, 0x0e, 0x00, 0x00, 0x00,
    0x14, 0x00, 0x00, 0x00, 0x1c, 0x00, 0x00, 0x00, 0x38, 0x01, 0x00, 0x00,
    0x3c, 0x01, 0x00, 0x00, 0x40, 0x01, 0x00, 0x00, 0x04, 0x00, 0x00, 0x00,
    0x6d, 0x61, 0x69, 0x6e, 0x00, 0x00, 0x00, 0x00, 0x04, 0x00, 0x00, 0x00,
    0xe0, 0x00, 0x00, 0x00, 0x98, 0x00, 0x00, 0x00, 0x50, 0x00, 0x00, 0x00,
    0x14, 0x00, 0x00, 0x00, 0x00, 0x00, 0x0e, 0x00, 0x1a, 0x00, 0x14, 0x00,
    0x10, 0x00, 0x0c, 0x00, 0x0b, 0x00, 0x04, 0x00, 0x0e, 0x00, 0x00, 0x00,
    0x1c, 0x00, 0x00, 0x00, 0x00, 0x00, 0x00, 0x09, 0x1c, 0x00, 0x00, 0x00,
    0x20, 0x00, 0x00, 0x00, 0x01, 0x00, 0x00, 0x00, 0x00, 0x00, 0x06, 0x00,
    0x08, 0x00, 0x04, 0x00, 0x06, 0x00, 0x00, 0x00, 0x00, 0x00, 0x80, 0x3f,
    0x01, 0x00, 0x00, 0x00, 0x0a, 0x00, 0x00, 0x00, 0x01, 0x00, 0x00, 0x00,
    0x09, 0x00, 0x00, 0x00, 0xca, 0xff, 0xff, 0xff, 0x14, 0x00, 0x00, 0x00,
    0x00, 0x00, 0x00, 0x08, 0x10, 0x00, 0x00, 0x00, 0x14, 0x00, 0x00, 0x00,
    0x04, 0x00, 0x04, 0x00, 0x04, 0x00, 0x00, 0x00, 0x01, 0x00, 0x00, 0x00,
    0x09, 0x00, 0x00, 0x00, 0x03, 0x00, 0x00, 0x00, 0x08, 0x00, 0x00, 0x00,
    0x02, 0x00, 0x00, 0x00, 0x01, 0x00, 0x00, 0x00, 0x00, 0x00, 0x0e, 0x00,
    0x14, 0x00, 0x00, 0x00, 0x10, 0x00, 0x0c, 0x00, 0x0b, 0x00, 0x04, 0x00,
    0x0e, 0x00, 0x00, 0x00, 0x10, 0x00, 0x00, 0x00, 0x00, 0x00, 0x00, 0x08,
    0x10, 0x00, 0x00, 0x00, 0x14, 0x00, 0x00, 0x00, 0xba, 0xff, 0xff, 0xff,
    0x00, 0x00, 0x00, 0x01, 0x01, 0x00, 0x00, 0x00, 0x08, 0x00, 0x00, 0x00,
    0x03, 0x00, 0x00, 0x00, 0x07, 0x00, 0x00, 0x00, 0x04, 0x00, 0x00, 0x00,
    0x03, 0x00, 0x00, 0x00, 0x00, 0x00, 0x0e, 0x00, 0x16, 0x00, 0x00, 0x00,
    0x10, 0x00, 0x0c, 0x00, 0x0b, 0x00, 0x04, 0x00, 0x0e, 0x00, 0x00, 0x00,
    0x18, 0x00, 0x00, 0x00, 0x00, 0x00, 0x00, 0x08, 0x18, 0x00, 0x00, 0x00,
    0x1c, 0x00, 0x00, 0x00, 0x00, 0x00, 0x06, 0x00, 0x08, 0x00, 0x07, 0x00,
    0x06, 0x00, 0x00, 0x00, 0x00, 0x00, 0x00, 0x01, 0x01, 0x00, 0x00, 0x00,
    0x07, 0x00, 0x00, 0x00, 0x03, 0x00, 0x00, 0x00, 0x00, 0x00, 0x00, 0x00,
    0x06, 0x00, 0x00, 0x00, 0x05, 0x00, 0x00, 0x00, 0x01, 0x00, 0x00, 0x00,
    0x0a, 0x00, 0x00, 0x00, 0x01, 0x00, 0x00, 0x00, 0x00, 0x00, 0x00, 0x00,
    0x0b, 0x00, 0x00, 0x00, 0x48, 0x13, 0x00, 0x00, 0x60, 0x12, 0x00, 0x00,
    0x74, 0x11, 0x00, 0x00, 0xe0, 0x0e, 0x00, 0x00, 0x44, 0x0c, 0x00, 0x00,
    0x70, 0x07, 0x00, 0x00, 0x94, 0x02, 0x00, 0x00, 0xe0, 0x01, 0x00, 0x00,
    0x24, 0x01, 0x00, 0x00, 0x80, 0x00, 0x00, 0x00, 0x04, 0x00, 0x00, 0x00,
    0xfa, 0xec, 0xff, 0xff, 0x00, 0x00, 0x00, 0x01, 0x18, 0x00, 0x00, 0x00,
    0x20, 0x00, 0x00, 0x00, 0x3c, 0x00, 0x00, 0x00, 0x0b, 0x00, 0x00, 0x00,
    0x00, 0x00, 0x00, 0x09, 0x50, 0x00, 0x00, 0x00, 0x02, 0x00, 0x00, 0x00,
    0xff, 0xff, 0xff, 0xff, 0x0a, 0x00, 0x00, 0x00, 0xe4, 0xec, 0xff, 0xff,
    0x08, 0x00, 0x00, 0x00, 0x10, 0x00, 0x00, 0x00, 0x01, 0x00, 0x00, 0x00,
    0x80, 0xff, 0xff, 0xff, 0xff, 0xff, 0xff, 0xff, 0x01, 0x00, 0x00, 0x00,
    0x00, 0x00, 0x80, 0x3b, 0x1b, 0x00, 0x00, 0x00, 0x53, 0x74, 0x61, 0x74,
    0x65, 0x66, 0x75, 0x6c, 0x50, 0x61, 0x72, 0x74, 0x69, 0x74, 0x69, 0x6f,
    0x6e, 0x65, 0x64, 0x43, 0x61, 0x6c, 0x6c, 0x5f, 0x31, 0x3a, 0x30, 0x00,
    0x02, 0x00, 0x00, 0x00, 0x01, 0x00, 0x00, 0x00, 0x0a, 0x00, 0x00, 0x00,
    0x72, 0xed, 0xff, 0xff, 0x00, 0x00, 0x00, 0x01, 0x18, 0x00, 0x00, 0x00,
    0x20, 0x00, 0x00, 0x00, 0x40, 0x00, 0x00, 0x00, 0x0a, 0x00, 0x00, 0x00,
    0x00, 0x00, 0x00, 0x09, 0x78, 0x00, 0x00, 0x00, 0x02, 0x00, 0x00, 0x00,
    0xff, 0xff, 0xff, 0xff, 0x0a, 0x00, 0x00, 0x00, 0x5c, 0xed, 0xff, 0xff,
    0x08, 0x00, 0x00, 0x00, 0x14, 0x00, 0x00, 0x00, 0x01, 0x00, 0x00, 0x00,
    0xe4, 0xff, 0xff, 0xff, 0xff, 0xff, 0xff, 0xff, 0x00, 0x00, 0x00, 0x00,
    0x01, 0x00, 0x00, 0x00, 0x61, 0x4a, 0xb3, 0x3d, 0x3c, 0x00, 0x00, 0x00,
    0x73, 0x65, 0x71, 0x75, 0x65, 0x6e, 0x74, 0x69, 0x61, 0x6c, 0x5f, 0x31,
    0x2f, 0x64, 0x65, 0x6e, 0x73, 0x65, 0x5f, 0x32, 0x5f, 0x31, 0x2f, 0x4d,
    0x61, 0x74, 0x4d, 0x75, 0x6c, 0x3b, 0x73, 0x65, 0x71, 0x75, 0x65, 0x6e,
    0x74, 0x69, 0x61, 0x6c, 0x5f, 0x31, 0x2f, 0x64, 0x65, 0x6e, 0x73, 0x65,
    0x5f, 0x32, 0x5f, 0x31, 0x2f, 0x42, 0x69, 0x61, 0x73, 0x41, 0x64, 0x64,
    0x00, 0x00, 0x00, 0x00, 0x02, 0x00, 0x00, 0x00, 0x01, 0x00, 0x00, 0x00,
    0x0a, 0x00, 0x00, 0x00, 0x12, 0xee, 0xff, 0xff, 0x00, 0x00, 0x00, 0x01,
    0x18, 0x00, 0x00, 0x00, 0x20, 0x00, 0x00, 0x00, 0x3c, 0x00, 0x00, 0x00,
    0x09, 0x00, 0x00, 0x00, 0x00, 0x00, 0x00, 0x09, 0x90, 0x00, 0x00, 0x00,
    0x02, 0x00, 0x00, 0x00, 0xff, 0xff, 0xff, 0xff, 0x30, 0x00, 0x00, 0x00,
    0xfc, 0xed, 0xff, 0xff, 0x08, 0x00, 0x00, 0x00, 0x10, 0x00, 0x00, 0x00,
    0x01, 0x00, 0x00, 0x00, 0x80, 0xff, 0xff, 0xff, 0xff, 0xff, 0xff, 0xff,
    0x01, 0x00, 0x00, 0x00, 0x87, 0xc8, 0x1c, 0x3d, 0x58, 0x00, 0x00, 0x00,
    0x73, 0x65, 0x71, 0x75, 0x65, 0x6e, 0x74, 0x69, 0x61, 0x6c, 0x5f, 0x31,
    0x2f, 0x64, 0x65, 0x6e, 0x73, 0x65, 0x5f, 0x31, 0x5f, 0x32, 0x2f, 0x4d,
    0x61, 0x74, 0x4d, 0x75, 0x6c, 0x3b, 0x73, 0x65, 0x71, 0x75, 0x65, 0x6e,
    0x74, 0x69, 0x61, 0x6c, 0x5f, 0x31, 0x2f, 0x64, 0x65, 0x6e, 0x73, 0x65,
    0x5f, 0x31, 0x5f, 0x32, 0x2f, 0x52, 0x65, 0x6c, 0x75, 0x3b, 0x73, 0x65,
    0x71, 0x75, 0x65, 0x6e, 0x74, 0x69, 0x61, 0x6c, 0x5f, 0x31, 0x2f, 0x64,
    0x65, 0x6e, 0x73, 0x65, 0x5f, 0x31, 0x5f, 0x32, 0x2f, 0x42, 0x69, 0x61,
    0x73, 0x41, 0x64, 0x64, 0x00, 0x00, 0x00, 0x00, 0x02, 0x00, 0x00, 0x00,
    0x01, 0x00, 0x00, 0x00, 0x30, 0x00, 0x00, 0x00, 0xca, 0xee, 0xff, 0xff,
    0x00, 0x00, 0x00, 0x01, 0x18, 0x00, 0x00, 0x00, 0x20, 0x00, 0x00, 0x00,
    0x3c, 0x00, 0x00, 0x00, 0x08, 0x00, 0x00, 0x00, 0x00, 0x00, 0x00, 0x09,
    0x88, 0x00, 0x00, 0x00, 0x02, 0x00, 0x00, 0x00, 0xff, 0xff, 0xff, 0xff,
    0x60, 0x00, 0x00, 0x00, 0xb4, 0xee, 0xff, 0xff, 0x08, 0x00, 0x00, 0x00,
    0x10, 0x00, 0x00, 0x00, 0x01, 0x00, 0x00, 0x00, 0x80, 0xff, 0xff, 0xff,
    0xff, 0xff, 0xff, 0xff, 0x01, 0x00, 0x00, 0x00, 0xf8, 0x21, 0xe9, 0x3c,
    0x52, 0x00, 0x00, 0x00, 0x73, 0x65, 0x71, 0x75, 0x65, 0x6e, 0x74, 0x69,
    0x61, 0x6c, 0x5f, 0x31, 0x2f, 0x64, 0x65, 0x6e, 0x73, 0x65, 0x5f, 0x31,
    0x2f, 0x4d, 0x61, 0x74, 0x4d, 0x75, 0x6c, 0x3b, 0x73, 0x65, 0x71, 0x75,
    0x65, 0x6e, 0x74, 0x69, 0x61, 0x6c, 0x5f, 0x31, 0x2f, 0x64, 0x65, 0x6e,
    0x73, 0x65, 0x5f, 0x31, 0x2f, 0x52, 0x65, 0x6c, 0x75, 0x3b, 0x73, 0x65,
    0x71, 0x75, 0x65, 0x6e, 0x74, 0x69, 0x61, 0x6c, 0x5f, 0x31, 0x2f, 0x64,
    0x65, 0x6e, 0x73, 0x65, 0x5f, 0x31, 0x2f, 0x42, 0x69, 0x61, 0x73, 0x41,
    0x64, 0x64, 0x00, 0x00, 0x02, 0x00, 0x00, 0x00, 0x01, 0x00, 0x00, 0x00,
    0x60, 0x00, 0x00, 0x00, 0x5e, 0xf0, 0xff, 0xff, 0x00, 0x00, 0x00, 0x01,
    0x14, 0x00, 0x00, 0x00, 0xa8, 0x04, 0x00, 0x00, 0x07, 0x00, 0x00, 0x00,
    0x00, 0x00, 0x00, 0x09, 0xb4, 0x04, 0x00, 0x00, 0x54, 0xef, 0xff, 0xff,
    0x08, 0x00, 0x00, 0x00, 0x0c, 0x03, 0x00, 0x00, 0x60, 0x00, 0x00, 0x00,
    0x00, 0x00, 0x00, 0x00, 0x00, 0x00, 0x00, 0x00, 0x00, 0x00, 0x00, 0x00,
    0x00, 0x00, 0x00, 0x00, 0x00, 0x00, 0x00, 0x00, 0x00, 0x00, 0x00, 0x00,
    0x00, 0x00, 0x00, 0x00, 0x00, 0x00, 0x00, 0x00, 0x00, 0x00, 0x00, 0x00,
    0x00, 0x00, 0x00, 0x00, 0x00, 0x00, 0x00, 0x00, 0x00, 0x00, 0x00, 0x00,
    0x00, 0x00, 0x00, 0x00, 0x00, 0x00, 0x00, 0x00, 0x00, 0x00, 0x00, 0x00,
    0x00, 0x00, 0x00, 0x00, 0x00, 0x00, 0x00, 0x00, 0x00, 0x00, 0x00, 0x00,
    0x00, 0x00, 0x00, 0x00, 0x00, 0x00, 0x00, 0x00, 0x00, 0x00, 0x00, 0x00,
    0x00, 0x00, 0x00, 0x00, 0x00, 0x00, 0x00, 0x00, 0x00, 0x00, 0x00, 0x00,
    0x00, 0x00, 0x00, 0x00, 0x00, 0x00, 0x00, 0x00, 0x00, 0x00, 0x00, 0x00,
    0x00, 0x00, 0x00, 0x00, 0x00, 0x00, 0x00, 0x00, 0x00, 0x00, 0x00, 0x00,
    0x00, 0x00, 0x00, 0x00, 0x00, 0x00, 0x00, 0x00, 0x00, 0x00, 0x00, 0x00,
    0x00, 0x00, 0x00, 0x00, 0x00, 0x00, 0x00, 0x00, 0x00, 0x00, 0x00, 0x00,
    0x00, 0x00, 0x00, 0x00, 0x00, 0x00, 0x00, 0x00, 0x00, 0x00, 0x00, 0x00,
    0x00, 0x00, 0x00, 0x00, 0x00, 0x00, 0x00, 0x00, 0x00, 0x00, 0x00, 0x00,
    0x00, 0x00, 0x00, 0x00, 0x00, 0x00, 0x00, 0x00, 0x00, 0x00, 0x00, 0x00,
    0x00, 0x00, 0x00, 0x00, 0x00, 0x00, 0x00, 0x00, 0x00, 0x00, 0x00, 0x00,
    0x00, 0x00, 0x00, 0x00, 0x00, 0x00, 0x00, 0x00, 0x00, 0x00, 0x00, 0x00,
    0x00, 0x00, 0x00, 0x00, 0x00, 0x00, 0x00, 0x00, 0x00, 0x00, 0x00, 0x00,
    0x00, 0x00, 0x00, 0x00, 0x00, 0x00, 0x00, 0x00, 0x00, 0x00, 0x00, 0x00,
    0x00, 0x00, 0x00, 0x00, 0x00, 0x00, 0x00, 0x00, 0x00, 0x00, 0x00, 0x00,
    0x00, 0x00, 0x00, 0x00, 0x00, 0x00, 0x00, 0x00, 0x00, 0x00, 0x00, 0x00,
    0x00, 0x00, 0x00, 0x00, 0x00, 0x00, 0x00, 0x00, 0x00, 0x00, 0x00, 0x00,
    0x00, 0x00, 0x00, 0x00, 0x00, 0x00, 0x00, 0x00, 0x00, 0x00, 0x00, 0x00,
    0x00, 0x00, 0x00, 0x00, 0x00, 0x00, 0x00, 0x00, 0x00, 0x00, 0x00, 0x00,
    0x00, 0x00, 0x00, 0x00, 0x00, 0x00, 0x00, 0x00, 0x00, 0x00, 0x00, 0x00,
    0x00, 0x00, 0x00, 0x00, 0x00, 0x00, 0x00, 0x00, 0x00, 0x00, 0x00, 0x00,
    0x00, 0x00, 0x00, 0x00, 0x00, 0x00, 0x00, 0x00, 0x00, 0x00, 0x00, 0x00,
    0x00, 0x00, 0x00, 0x00, 0x00, 0x00, 0x00, 0x00, 0x00, 0x00, 0x00, 0x00,
    0x00, 0x00, 0x00, 0x00, 0x00, 0x00, 0x00, 0x00, 0x00, 0x00, 0x00, 0x00,
    0x00, 0x00, 0x00, 0x00, 0x00, 0x00, 0x00, 0x00, 0x00, 0x00, 0x00, 0x00,
    0x00, 0x00, 0x00, 0x00, 0x00, 0x00, 0x00, 0x00, 0x00, 0x00, 0x00, 0x00,
    0x00, 0x00, 0x00, 0x00, 0x00, 0x00, 0x00, 0x00, 0x00, 0x00, 0x00, 0x00,
    0x00, 0x00, 0x00, 0x00, 0x00, 0x00, 0x00, 0x00, 0x00, 0x00, 0x00, 0x00,
    0x00, 0x00, 0x00, 0x00, 0x00, 0x00, 0x00, 0x00, 0x00, 0x00, 0x00, 0x00,
    0x00, 0x00, 0x00, 0x00, 0x00, 0x00, 0x00, 0x00, 0x00, 0x00, 0x00, 0x00,
    0x00, 0x00, 0x00, 0x00, 0x00, 0x00, 0x00, 0x00, 0x00, 0x00, 0x00, 0x00,
    0x00, 0x00, 0x00, 0x00, 0x00, 0x00, 0x00, 0x00, 0x00, 0x00, 0x00, 0x00,
    0x00, 0x00, 0x00, 0x00, 0x00, 0x00, 0x00, 0x00, 0x00, 0x00, 0x00, 0x00,
    0x00, 0x00, 0x00, 0x00, 0x00, 0x00, 0x00, 0x00, 0x00, 0x00, 0x00, 0x00,
    0x00, 0x00, 0x00, 0x00, 0x00, 0x00, 0x00, 0x00, 0x00, 0x00, 0x00, 0x00,
    0x00, 0x00, 0x00, 0x00, 0x00, 0x00, 0x00, 0x00, 0x00, 0x00, 0x00, 0x00,
    0x00, 0x00, 0x00, 0x00, 0x00, 0x00, 0x00, 0x00, 0x00, 0x00, 0x00, 0x00,
    0x00, 0x00, 0x00, 0x00, 0x00, 0x00, 0x00, 0x00, 0x00, 0x00, 0x00, 0x00,
    0x00, 0x00, 0x00, 0x00, 0x00, 0x00, 0x00, 0x00, 0x00, 0x00, 0x00, 0x00,
    0x00, 0x00, 0x00, 0x00, 0x00, 0x00, 0x00, 0x00, 0x00, 0x00, 0x00, 0x00,
    0x00, 0x00, 0x00, 0x00, 0x00, 0x00, 0x00, 0x00, 0x00, 0x00, 0x00, 0x00,
    0x00, 0x00, 0x00, 0x00, 0x00, 0x00, 0x00, 0x00, 0x00, 0x00, 0x00, 0x00,
    0x00, 0x00, 0x00, 0x00, 0x00, 0x00, 0x00, 0x00, 0x00, 0x00, 0x00, 0x00,
    0x00, 0x00, 0x00, 0x00, 0x00, 0x00, 0x00, 0x00, 0x00, 0x00, 0x00, 0x00,
    0x00, 0x00, 0x00, 0x00, 0x00, 0x00, 0x00, 0x00, 0x00, 0x00, 0x00, 0x00,
    0x00, 0x00, 0x00, 0x00, 0x00, 0x00, 0x00, 0x00, 0x00, 0x00, 0x00, 0x00,
    0x00, 0x00, 0x00, 0x00, 0x00, 0x00, 0x00, 0x00, 0x00, 0x00, 0x00, 0x00,
    0x00, 0x00, 0x00, 0x00, 0x00, 0x00, 0x00, 0x00, 0x00, 0x00, 0x00, 0x00,
    0x00, 0x00, 0x00, 0x00, 0x00, 0x00, 0x00, 0x00, 0x00, 0x00, 0x00, 0x00,
    0x00, 0x00, 0x00, 0x00, 0x00, 0x00, 0x00, 0x00, 0x00, 0x00, 0x00, 0x00,
    0x00, 0x00, 0x00, 0x00, 0x00, 0x00, 0x00, 0x00, 0x00, 0x00, 0x00, 0x00,
    0x00, 0x00, 0x00, 0x00, 0x00, 0x00, 0x00, 0x00, 0x00, 0x00, 0x00, 0x00,
    0x00, 0x00, 0x00, 0x00, 0x00, 0x00, 0x00, 0x00, 0x00, 0x00, 0x00, 0x00,
    0x00, 0x00, 0x00, 0x00, 0x00, 0x00, 0x00, 0x00, 0x00, 0x00, 0x00, 0x00,
    0x00, 0x00, 0x00, 0x00, 0x00, 0x00, 0x00, 0x00, 0x00, 0x00, 0x00, 0x00,
    0x00, 0x00, 0x00, 0x00, 0x00, 0x00, 0x00, 0x00, 0x00, 0x00, 0x00, 0x00,
    0x00, 0x00, 0x00, 0x00, 0x00, 0x00, 0x00, 0x00, 0x00, 0x00, 0x00, 0x00,
    0x00, 0x00, 0x00, 0x00, 0x00, 0x00, 0x00, 0x00, 0x00, 0x00, 0x00, 0x00,
    0x00, 0x00, 0x00, 0x00, 0x00, 0x00, 0x00, 0x00, 0x00, 0x00, 0x00, 0x00,
    0x00, 0x00, 0x00, 0x00, 0x60, 0x00, 0x00, 0x00, 0x3e, 0x7f, 0xd0, 0x3a,
    0xa7, 0xbb, 0xd9, 0x3a, 0x6d, 0xcb, 0xf3, 0x3a, 0x45, 0x1a, 0xe7, 0x3a,
    0x35, 0x8a, 0xea, 0x3a, 0xbd, 0xc6, 0xa6, 0x3a, 0xa0, 0x96, 0xce, 0x3a,
    0x68, 0x7f, 0xdc, 0x3a, 0xf8, 0x9a, 0xdc, 0x3a, 0x62, 0x41, 0xf5, 0x3a,
    0xb5, 0xa9, 0xf3, 0x3a, 0x0a, 0xf0, 0xd9, 0x3a, 0x68, 0x2f, 0xc1, 0x3a,
    0x64, 0xc7, 0xc6, 0x3a, 0x26, 0x8c, 0xd5, 0x3a, 0x95, 0xcc, 0xf0, 0x3a,
    0x0c, 0xef, 0xd1, 0x3a, 0x09, 0x85, 0xb1, 0x3a, 0x48, 0xfb, 0xe1, 0x3a,
    0xd9, 0xf1, 0xfe, 0x3a, 0xcc, 0x2a, 0xde, 0x3a, 0x32, 0x83, 0xf6, 0x3a,
    0x9b, 0x83, 0xf9, 0x3a, 0x28, 0x22, 0xef, 0x3a, 0xc8, 0xb3, 0xa8, 0x3a,
    0xff, 0x43, 0xcd, 0x3a, 0x32, 0x41, 0xc4, 0x3a, 0xfd, 0x03, 0xec, 0x3a,
    0x61, 0xd4, 0xc1, 0x3a, 0xac, 0x62, 0xf1, 0x3a, 0x6e, 0x88, 0xdc, 0x3a,
    0x12, 0x57, 0xb7, 0x3a, 0xc6, 0xfe, 0xc5, 0x3a, 0x9d, 0xf2, 0xdb, 0x3a,
    0x9a, 0xe4, 0xfb, 0x3a, 0x6a, 0x52, 0x05, 0x3b, 0xf8, 0xfc, 0xad, 0x3a,
    0x4b, 0x70, 0xfa, 0x3a, 0x9f, 0x89, 0xae, 0x3a, 0x08, 0xcc, 0xec, 0x3a,
    0x60, 0x74, 0xd1, 0x3a, 0xad, 0x35, 0xfc, 0x3a, 0xc3, 0x4c, 0xc6, 0x3a,
    0x54, 0x38, 0xfd, 0x3a, 0xfe, 0x22, 0xe3, 0x3a, 0xbd, 0x88, 0x14, 0x3b,
    0x5d, 0x5c, 0xbf, 0x3a, 0x65, 0x53, 0xdd, 0x3a, 0xec, 0x2a, 0xe6, 0x3a,
    0x48, 0x93, 0xd2, 0x3a, 0xec, 0xdb, 0xd9, 0x3a, 0x74, 0x01, 0xf0, 0x3a,
    0xe7, 0x66, 0xd2, 0x3a, 0xbf, 0x75, 0xe1, 0x3a, 0x0f, 0x87, 0xe1, 0x3a,
    0x22, 0x98, 0x02, 0x3b, 0x14, 0x7f, 0xd0, 0x3a, 0x0c, 0x4e, 0xe2, 0x3a,
    0x75, 0x2e, 0xf9, 0x3a, 0x98, 0xeb, 0xe1, 0x3a, 0x32, 0x0b, 0xd4, 0x3a,
    0xa0, 0x36, 0xf8, 0x3a, 0x49, 0x74, 0xd6, 0x3a, 0x05, 0x09, 0xe0, 0x3a,
    0xc4, 0x6e, 0xe4, 0x3a, 0x8c, 0x4e, 0xdc, 0x3a, 0x3f, 0xc0, 0xe5, 0x3a,
    0x33, 0xb3, 0xcf, 0x3a, 0x4f, 0x44, 0xc4, 0x3a, 0x55, 0x2c, 0xcb, 0x3a,
    0xd4, 0x47, 0xd8, 0x3a, 0x61, 0xff, 0xcb, 0x3a, 0xec, 0x5a, 0xb1, 0x3a,
    0x25, 0x9e, 0xd8, 0x3a, 0x83, 0xf9, 0xad, 0x3a, 0x87, 0x8f, 0xcd, 0x3a,
    0xbb, 0x1f, 0xbc, 0x3a, 0x91, 0xc0, 0xe8, 0x3a, 0x70, 0xe6, 0xe5, 0x3a,
    0x41, 0x98, 0xd2, 0x3a, 0xaf, 0x42, 0xe3, 0x3a, 0x92, 0x3b, 0xd7, 0x3a,
    0xd4, 0xdf, 0xf1, 0x3a, 0xb7, 0x63, 0xeb, 0x3a, 0x82, 0x99, 0xb6, 0x3a,
    0xb3, 0x38, 0xb5, 0x3a, 0x9d, 0xd5, 0xcf, 0x3a, 0xd9, 0x9d, 0xed, 0x3a,
    0xf6, 0xbd, 0xd2, 0x3a, 0xde, 0x0b, 0xae, 0x3a, 0x93, 0x10, 0xfc, 0x3a,
    0x30, 0x7d, 0xd7, 0x3a, 0x03, 0x35, 0xe0, 0x3a, 0x52, 0x80, 0xa7, 0x3a,
    0xaa, 0xf2, 0xd8, 0x3a, 0xc1, 0x48, 0xb4, 0x3a, 0x12, 0x00, 0x00, 0x00,
    0x74, 0x66, 0x6c, 0x2e, 0x70, 0x73, 0x65, 0x75, 0x64, 0x6f, 0x5f, 0x71,
    0x63, 0x6f, 0x6e, 0x73, 0x74, 0x35, 0x00, 0x00, 0x02, 0x00, 0x00, 0x00,
    0x60, 0x00, 0x00, 0x00, 0x80, 0x00, 0x00, 0x00, 0x36, 0xf5, 0xff, 0xff,
    0x00, 0x00, 0x00, 0x01, 0x14, 0x00, 0x00, 0x00, 0xa4, 0x04, 0x00, 0x00,
    0x06, 0x00, 0x00, 0x00, 0x00, 0x00, 0x00, 0x02, 0xb0, 0x04, 0x00, 0x00,
    0x2c, 0xf4, 0xff, 0xff, 0x08, 0x00, 0x00, 0x00, 0x08, 0x03, 0x00, 0x00,
    0x60, 0x00, 0x00, 0x00, 0x00, 0x00, 0x00, 0x00, 0x00, 0x00, 0x00, 0x00,
    0x00, 0x00, 0x00, 0x00, 0x00, 0x00, 0x00, 0x00, 0x00, 0x00, 0x00, 0x00,
    0x00, 0x00, 0x00, 0x00, 0x00, 0x00, 0x00, 0x00, 0x00, 0x00, 0x00, 0x00,
    0x00, 0x00, 0x00, 0x00, 0x00, 0x00, 0x00, 0x00, 0x00, 0x00, 0x00, 0x00,
    0x00, 0x00, 0x00, 0x00, 0x00, 0x00, 0x00, 0x00, 0x00, 0x00, 0x00, 0x00,
    0x00, 0x00, 0x00, 0x00, 0x00, 0x00, 0x00, 0x00, 0x00, 0x00, 0x00, 0x00,
    0x00, 0x00, 0x00, 0x00, 0x00, 0x00, 0x00, 0x00, 0x00, 0x00, 0x00, 0x00,
    0x00, 0x00, 0x00, 0x00, 0x00, 0x00, 0x00, 0x00, 0x00, 0x00, 0x00, 0x00,
    0x00, 0x00, 0x00, 0x00, 0x00, 0x00, 0x00, 0x00, 0x00, 0x00, 0x00, 0x00,
    0x00, 0x00, 0x00, 0x00, 0x00, 0x00, 0x00, 0x00, 0x00, 0x00, 0x00, 0x00,
    0x00, 0x00, 0x00, 0x00, 0x00, 0x00, 0x00, 0x00, 0x00, 0x00, 0x00, 0x00,
    0x00, 0x00, 0x00, 0x00, 0x00, 0x00, 0x00, 0x00, 0x00, 0x00, 0x00, 0x00,
    0x00, 0x00, 0x00, 0x00, 0x00, 0x00, 0x00, 0x00, 0x00, 0x00, 0x00, 0x00,
    0x00, 0x00, 0x00, 0x00, 0x00, 0x00, 0x00, 0x00, 0x00, 0x00, 0x00, 0x00,
    0x00, 0x00, 0x00, 0x00, 0x00, 0x00, 0x00, 0x00, 0x00, 0x00, 0x00, 0x00,
    0x00, 0x00, 0x00, 0x00, 0x00, 0x00, 0x00, 0x00, 0x00, 0x00, 0x00, 0x00,
    0x00, 0x00, 0x00, 0x00, 0x00, 0x00, 0x00, 0x00, 0x00, 0x00, 0x00, 0x00,
    0x00, 0x00, 0x00, 0x00, 0x00, 0x00, 0x00, 0x00, 0x00, 0x00, 0x00, 0x00,
    0x00, 0x00, 0x00, 0x00, 0x00, 0x00, 0x00, 0x00, 0x00, 0x00, 0x00, 0x00,
    0x00, 0x00, 0x00, 0x00, 0x00, 0x00, 0x00, 0x00, 0x00, 0x00, 0x00, 0x00,
    0x00, 0x00, 0x00, 0x00, 0x00, 0x00, 0x00, 0x00, 0x00, 0x00, 0x00, 0x00,
    0x00, 0x00, 0x00, 0x00, 0x00, 0x00, 0x00, 0x00, 0x00, 0x00, 0x00, 0x00,
    0x00, 0x00, 0x00, 0x00, 0x00, 0x00, 0x00, 0x00, 0x00, 0x00, 0x00, 0x00,
    0x00, 0x00, 0x00, 0x00, 0x00, 0x00, 0x00, 0x00, 0x00, 0x00, 0x00, 0x00,
    0x00, 0x00, 0x00, 0x00, 0x00, 0x00, 0x00, 0x00, 0x00, 0x00, 0x00, 0x00,
    0x00, 0x00, 0x00, 0x00, 0x00, 0x00, 0x00, 0x00, 0x00, 0x00, 0x00, 0x00,
    0x00, 0x00, 0x00, 0x00, 0x00, 0x00, 0x00, 0x00, 0x00, 0x00, 0x00, 0x00,
    0x00, 0x00, 0x00, 0x00, 0x00, 0x00, 0x00, 0x00, 0x00, 0x00, 0x00, 0x00,
    0x00, 0x00, 0x00, 0x00, 0x00, 0x00, 0x00, 0x00, 0x00, 0x00, 0x00, 0x00,
    0x00, 0x00, 0x00, 0x00, 0x00, 0x00, 0x00, 0x00, 0x00, 0x00, 0x00, 0x00,
    0x00, 0x00, 0x00, 0x00, 0x00, 0x00, 0x00, 0x00, 0x00, 0x00, 0x00, 0x00,
    0x00, 0x00, 0x00, 0x00, 0x00, 0x00, 0x00, 0x00, 0x00, 0x00, 0x00, 0x00,
    0x00, 0x00, 0x00, 0x00, 0x00, 0x00, 0x00, 0x00, 0x00, 0x00, 0x00, 0x00,
    0x00, 0x00, 0x00, 0x00, 0x00, 0x00, 0x00, 0x00, 0x00, 0x00, 0x00, 0x00,
    0x00, 0x00, 0x00, 0x00, 0x00, 0x00, 0x00, 0x00, 0x00, 0x00, 0x00, 0x00,
    0x00, 0x00, 0x00, 0x00, 0x00, 0x00, 0x00, 0x00, 0x00, 0x00, 0x00, 0x00,
    0x00, 0x00, 0x00, 0x00, 0x00, 0x00, 0x00, 0x00, 0x00, 0x00, 0x00, 0x00,
    0x00, 0x00, 0x00, 0x00, 0x00, 0x00, 0x00, 0x00, 0x00, 0x00, 0x00, 0x00,
    0x00, 0x00, 0x00, 0x00, 0x00, 0x00, 0x00, 0x00, 0x00, 0x00, 0x00, 0x00,
    0x00, 0x00, 0x00, 0x00, 0x00, 0x00, 0x00, 0x00, 0x00, 0x00, 0x00, 0x00,
    0x00, 0x00, 0x00, 0x00, 0x00, 0x00, 0x00, 0x00, 0x00, 0x00, 0x00, 0x00,
    0x00, 0x00, 0x00, 0x00, 0x00, 0x00, 0x00, 0x00, 0x00, 0x00, 0x00, 0x00,
    0x00, 0x00, 0x00, 0x00, 0x00, 0x00, 0x00, 0x00, 0x00, 0x00, 0x00, 0x00,
    0x00, 0x00, 0x00, 0x00, 0x00, 0x00, 0x00, 0x00, 0x00, 0x00, 0x00, 0x00,
    0x00, 0x00, 0x00, 0x00, 0x00, 0x00, 0x00, 0x00, 0x00, 0x00, 0x00, 0x00,
    0x00, 0x00, 0x00, 0x00, 0x00, 0x00, 0x00, 0x00, 0x00, 0x00, 0x00, 0x00,
    0x00, 0x00, 0x00, 0x00, 0x00, 0x00, 0x00, 0x00, 0x00, 0x00, 0x00, 0x00,
    0x00, 0x00, 0x00, 0x00, 0x00, 0x00, 0x00, 0x00, 0x00, 0x00, 0x00, 0x00,
    0x00, 0x00, 0x00, 0x00, 0x00, 0x00, 0x00, 0x00, 0x00, 0x00, 0x00, 0x00,
    0x00, 0x00, 0x00, 0x00, 0x00, 0x00, 0x00, 0x00, 0x00, 0x00, 0x00, 0x00,
    0x00, 0x00, 0x00, 0x00, 0x00, 0x00, 0x00, 0x00, 0x00, 0x00, 0x00, 0x00,
    0x00, 0x00, 0x00, 0x00, 0x00, 0x00, 0x00, 0x00, 0x00, 0x00, 0x00, 0x00,
    0x00, 0x00, 0x00, 0x00, 0x00, 0x00, 0x00, 0x00, 0x00, 0x00, 0x00, 0x00,
    0x00, 0x00, 0x00, 0x00, 0x00, 0x00, 0x00, 0x00, 0x00, 0x00, 0x00, 0x00,
    0x00, 0x00, 0x00, 0x00, 0x00, 0x00, 0x00, 0x00, 0x00, 0x00, 0x00, 0x00,
    0x00, 0x00, 0x00, 0x00, 0x00, 0x00, 0x00, 0x00, 0x00, 0x00, 0x00, 0x00,
    0x00, 0x00, 0x00, 0x00, 0x00, 0x00, 0x00, 0x00, 0x00, 0x00, 0x00, 0x00,
    0x00, 0x00, 0x00, 0x00, 0x00, 0x00, 0x00, 0x00, 0x00, 0x00, 0x00, 0x00,
    0x00, 0x00, 0x00, 0x00, 0x00, 0x00, 0x00, 0x00, 0x00, 0x00, 0x00, 0x00,
    0x00, 0x00, 0x00, 0x00, 0x00, 0x00, 0x00, 0x00, 0x00, 0x00, 0x00, 0x00,
    0x00, 0x00, 0x00, 0x00, 0x00, 0x00, 0x00, 0x00, 0x00, 0x00, 0x00, 0x00,
    0x00, 0x00, 0x00, 0x00, 0x00, 0x00, 0x00, 0x00, 0x00, 0x00, 0x00, 0x00,
    0x00, 0x00, 0x00, 0x00, 0x00, 0x00, 0x00, 0x00, 0x00, 0x00, 0x00, 0x00,
    0x00, 0x00, 0x00, 0x00, 0x00, 0x00, 0x00, 0x00, 0x00, 0x00, 0x00, 0x00,
    0x00, 0x00, 0x00, 0x00, 0x60, 0x00, 0x00, 0x00, 0x9f, 0xfe, 0x09, 0x38,
    0x84, 0x1b, 0x10, 0x38, 0x42, 0x5b, 0x21, 0x38, 0xca, 0xf4, 0x18, 0x38,
    0x2e, 0x3b, 0x1b, 0x38, 0x60, 0xc3, 0xdc, 0x37, 0x3b, 0xbb, 0x08, 0x38,
    0xf2, 0xef, 0x11, 0x38, 0x30, 0x02, 0x12, 0x38, 0xc3, 0x52, 0x22, 0x38,
    0xf1, 0x44, 0x21, 0x38, 0x30, 0x3e, 0x10, 0x38, 0x87, 0xb8, 0xff, 0x37,
    0x07, 0x90, 0x03, 0x38, 0x56, 0x56, 0x0d, 0x38, 0xb8, 0x5f, 0x1f, 0x38,
    0x0e, 0xf2, 0x0a, 0x38, 0xf7, 0xfb, 0xea, 0x37, 0x1b, 0x91, 0x15, 0x38,
    0x78, 0xbc, 0x28, 0x38, 0xd1, 0x0a, 0x13, 0x38, 0xc1, 0x27, 0x23, 0x38,
    0x55, 0x24, 0x25, 0x38, 0x7d, 0x45, 0x1e, 0x38, 0x05, 0x50, 0xdf, 0x37,
    0x1b, 0xdb, 0x07, 0x38, 0x57, 0xe4, 0x01, 0x38, 0x37, 0x35, 0x1c, 0x38,
    0x73, 0x49, 0x00, 0x38, 0x0e, 0xc3, 0x1f, 0x38, 0xeb, 0xf5, 0x11, 0x38,
    0x56, 0xb0, 0xf2, 0x37, 0x40, 0x0b, 0x03, 0x38, 0xc3, 0x92, 0x11, 0x38,
    0x66, 0xb7, 0x26, 0x38, 0xb5, 0x7a, 0x30, 0x38, 0x3f, 0x4f, 0xe6, 0x37,
    0xfc, 0xc0, 0x25, 0x38, 0x6d, 0x09, 0xe7, 0x37, 0x9e, 0xb9, 0x1c, 0x38,
    0xdd, 0xa0, 0x0a, 0x38, 0x0e, 0xed, 0x26, 0x38, 0xdd, 0x3e, 0x03, 0x38,
    0x3f, 0x98, 0x27, 0x38, 0xd3, 0x54, 0x16, 0x38, 0xa8, 0x9d, 0x44, 0x38,
    0x4c, 0x4e, 0xfd, 0x37, 0x40, 0x7c, 0x12, 0x38, 0x60, 0x56, 0x18, 0x38,
    0xc1, 0x5e, 0x0b, 0x38, 0xe0, 0x30, 0x10, 0x38, 0x47, 0xd9, 0x1e, 0x38,
    0x62, 0x41, 0x0b, 0x38, 0xba, 0x38, 0x15, 0x38, 0x2f, 0x44, 0x15, 0x38,
    0x63, 0xde, 0x2c, 0x38, 0x83, 0xfe, 0x09, 0x38, 0xe3, 0xc7, 0x15, 0x38,
    0xfa, 0xeb, 0x24, 0x38, 0xb9, 0x86, 0x15, 0x38, 0x8e, 0x57, 0x0c, 0x38,
    0xf2, 0x47, 0x24, 0x38, 0xfa, 0xef, 0x0d, 0x38, 0x55, 0x47, 0x14, 0x38,
    0x69, 0x30, 0x17, 0x38, 0x9c, 0xcf, 0x11, 0x38, 0xc6, 0x0f, 0x18, 0x38,
    0x93, 0x77, 0x09, 0x38, 0x67, 0xe6, 0x01, 0x38, 0x93, 0x78, 0x06, 0x38,
    0x6c, 0x25, 0x0f, 0x38, 0x42, 0x04, 0x07, 0x38, 0x38, 0xc4, 0xea, 0x37,
    0x8d, 0x5e, 0x0f, 0x38, 0xab, 0x4a, 0xe6, 0x37, 0x19, 0x0d, 0x08, 0x38,
    0x6e, 0x05, 0xf9, 0x37, 0x4a, 0x0c, 0x1a, 0x38, 0x0d, 0x29, 0x18, 0x38,
    0x0c, 0x62, 0x0b, 0x38, 0xcd, 0x69, 0x16, 0x38, 0xe0, 0x73, 0x0e, 0x38,
    0xe4, 0x15, 0x20, 0x38, 0x23, 0xcb, 0x1b, 0x38, 0x69, 0xb5, 0xf1, 0x37,
    0x65, 0xe2, 0xef, 0x37, 0x5a, 0x8e, 0x09, 0x38, 0x7c, 0x44, 0x1d, 0x38,
    0x01, 0x7b, 0x0b, 0x38, 0xf7, 0x62, 0xe6, 0x37, 0x80, 0xd4, 0x26, 0x38,
    0x4e, 0x9f, 0x0e, 0x38, 0x72, 0x64, 0x14, 0x38, 0x08, 0xb9, 0xdd, 0x37,
    0x7e, 0x96, 0x0f, 0x38, 0xc7, 0xa4, 0xee, 0x37, 0x12, 0x00, 0x00, 0x00,
    0x74, 0x66, 0x6c, 0x2e, 0x70, 0x73, 0x65, 0x75, 0x64, 0x6f, 0x5f, 0x71,
    0x63, 0x6f, 0x6e, 0x73, 0x74, 0x34, 0x00, 0x00, 0x01, 0x00, 0x00, 0x00,
    0x60, 0x00, 0x00, 0x00, 0x06, 0xfa, 0xff, 0xff, 0x00, 0x00, 0x00, 0x01,
    0x14, 0x00, 0x00, 0x00, 0x68, 0x02, 0x00, 0x00, 0x05, 0x00, 0x00, 0x00,
    0x00, 0x00, 0x00, 0x09, 0x74, 0x02, 0x00, 0x00, 0xfc, 0xf8, 0xff, 0xff,
    0x08, 0x00, 0x00, 0x00, 0x8c, 0x01, 0x00, 0x00, 0x30, 0x00, 0x00, 0x00,
    0x00, 0x00, 0x00, 0x00, 0x00, 0x00, 0x00, 0x00, 0x00, 0x00, 0x00, 0x00,
    0x00, 0x00, 0x00, 0x00, 0x00, 0x00, 0x00, 0x00, 0x00, 0x00, 0x00, 0x00,
    0x00, 0x00, 0x00, 0x00, 0x00, 0x00, 0x00, 0x00, 0x00, 0x00, 0x00, 0x00,
    0x00, 0x00, 0x00, 0x00, 0x00, 0x00, 0x00, 0x00, 0x00, 0x00, 0x00, 0x00,
    0x00, 0x00, 0x00, 0x00, 0x00, 0x00, 0x00, 0x00, 0x00, 0x00, 0x00, 0x00,
    0x00, 0x00, 0x00, 0x00, 0x00, 0x00, 0x00, 0x00, 0x00, 0x00, 0x00, 0x00,
    0x00, 0x00, 0x00, 0x00, 0x00, 0x00, 0x00, 0x00, 0x00, 0x00, 0x00, 0x00,
    0x00, 0x00, 0x00, 0x00, 0x00, 0x00, 0x00, 0x00, 0x00, 0x00, 0x00, 0x00,
    0x00, 0x00, 0x00, 0x00, 0x00, 0x00, 0x00, 0x00, 0x00, 0x00, 0x00, 0x00,
    0x00, 0x00, 0x00, 0x00, 0x00, 0x00, 0x00, 0x00, 0x00, 0x00, 0x00, 0x00,
    0x00, 0x00, 0x00, 0x00, 0x00, 0x00, 0x00, 0x00, 0x00, 0x00, 0x00, 0x00,
    0x00, 0x00, 0x00, 0x00, 0x00, 0x00, 0x00, 0x00, 0x00, 0x00, 0x00, 0x00,
    0x00, 0x00, 0x00, 0x00, 0x00, 0x00, 0x00, 0x00, 0x00, 0x00, 0x00, 0x00,
    0x00, 0x00, 0x00, 0x00, 0x00, 0x00, 0x00, 0x00, 0x00, 0x00, 0x00, 0x00,
    0x00, 0x00, 0x00, 0x00, 0x00, 0x00, 0x00, 0x00, 0x00, 0x00, 0x00, 0x00,
    0x00, 0x00, 0x00, 0x00, 0x00, 0x00, 0x00, 0x00, 0x00, 0x00, 0x00, 0x00,
    0x00, 0x00, 0x00, 0x00, 0x00, 0x00, 0x00, 0x00, 0x00, 0x00, 0x00, 0x00,
    0x00, 0x00, 0x00, 0x00, 0x00, 0x00, 0x00, 0x00, 0x00, 0x00, 0x00, 0x00,
    0x00, 0x00, 0x00, 0x00, 0x00, 0x00, 0x00, 0x00, 0x00, 0x00, 0x00, 0x00,
    0x00, 0x00, 0x00, 0x00, 0x00, 0x00, 0x00, 0x00, 0x00, 0x00, 0x00, 0x00,
    0x00, 0x00, 0x00, 0x00, 0x00, 0x00, 0x00, 0x00, 0x00, 0x00, 0x00, 0x00,
    0x00, 0x00, 0x00, 0x00, 0x00, 0x00, 0x00, 0x00, 0x00, 0x00, 0x00, 0x00,
    0x00, 0x00, 0x00, 0x00, 0x00, 0x00, 0x00, 0x00, 0x00, 0x00, 0x00, 0x00,
    0x00, 0x00, 0x00, 0x00, 0x00, 0x00, 0x00, 0x00, 0x00, 0x00, 0x00, 0x00,
    0x00, 0x00, 0x00, 0x00, 0x00, 0x00, 0x00, 0x00, 0x00, 0x00, 0x00, 0x00,
    0x00, 0x00, 0x00, 0x00, 0x00, 0x00, 0x00, 0x00, 0x00, 0x00, 0x00, 0x00,
    0x00, 0x00, 0x00, 0x00, 0x00, 0x00, 0x00, 0x00, 0x00, 0x00, 0x00, 0x00,
    0x00, 0x00, 0x00, 0x00, 0x00, 0x00, 0x00, 0x00, 0x00, 0x00, 0x00, 0x00,
    0x00, 0x00, 0x00, 0x00, 0x00, 0x00, 0x00, 0x00, 0x00, 0x00, 0x00, 0x00,
    0x00, 0x00, 0x00, 0x00, 0x00, 0x00, 0x00, 0x00, 0x00, 0x00, 0x00, 0x00,
    0x00, 0x00, 0x00, 0x00, 0x00, 0x00, 0x00, 0x00, 0x00, 0x00, 0x00, 0x00,
    0x00, 0x00, 0x00, 0x00, 0x00, 0x00, 0x00, 0x00, 0x00, 0x00, 0x00, 0x00,
    0x00, 0x00, 0x00, 0x00, 0x30, 0x00, 0x00, 0x00, 0xdf, 0x5c, 0x0c, 0x3b,
    0xa3, 0xd9, 0x43, 0x3b, 0x62, 0xc1, 0x0c, 0x3b, 0xae, 0x76, 0x1e, 0x3b,
    0x98, 0x92, 0xca, 0x3a, 0xae, 0xf8, 0xf9, 0x3a, 0x26, 0xfb, 0x12, 0x3b,
    0xd3, 0x47, 0x10, 0x3b, 0x20, 0x4d, 0x27, 0x3b, 0x24, 0xb5, 0x08, 0x3b,
    0xba, 0xc2, 0x0a, 0x3b, 0xbd, 0x27, 0x8c, 0x3b, 0x23, 0xa0, 0xdb, 0x3a,
    0x9c, 0xa4, 0x06, 0x3b, 0xcd, 0xc2, 0x0b, 0x3b, 0xf1, 0xc3, 0x14, 0x3b,
    0x76, 0xeb, 0xfd, 0x3a, 0x24, 0xbe, 0x19, 0x3b, 0x7d, 0xf0, 0xd1, 0x3a,
    0xa8, 0x2b, 0xfe, 0x3a, 0x6a, 0xd8, 0xdd, 0x3a, 0x7d, 0x9a, 0x05, 0x3b,
    0xfe, 0xdd, 0xf2, 0x3a, 0x67, 0x10, 0x3b, 0x3b, 0x80, 0x56, 0x00, 0x3b,
    0x62, 0x5e, 0x2c, 0x3b, 0x2b, 0xf7, 0xca, 0x3a, 0xba, 0x8a, 0x02, 0x3b,
    0x0b, 0x00, 0x19, 0x3b, 0x4e, 0xf7, 0x1b, 0x3b, 0x95, 0x1f, 0xe6, 0x3a,
    0xfb, 0x40, 0x06, 0x3b, 0xbd, 0xac, 0xf5, 0x3a, 0x69, 0x72, 0x2e, 0x3b,
    0xe8, 0x11, 0x01, 0x3b, 0xc8, 0xd7, 0x14, 0x3b, 0x35, 0x0d, 0x03, 0x3b,
    0x7c, 0xd8, 0x03, 0x3b, 0x09, 0x81, 0x02, 0x3b, 0x65, 0x0f, 0x19, 0x3b,
    0x06, 0x54, 0x4e, 0x3b, 0x57, 0x3b, 0x2c, 0x3b, 0x33, 0x96, 0x05, 0x3b,
    0xd3, 0x06, 0x0b, 0x3b, 0x7d, 0x21, 0xde, 0x3a, 0x58, 0x35, 0x42, 0x3b,
    0xe6, 0x34, 0x11, 0x3b, 0xa1, 0x08, 0xd8, 0x3a, 0x12, 0x00, 0x00, 0x00,
    0x74, 0x66, 0x6c, 0x2e, 0x70, 0x73, 0x65, 0x75, 0x64, 0x6f, 0x5f, 0x71,
    0x63, 0x6f, 0x6e, 0x73, 0x74, 0x33, 0x00, 0x00, 0x02, 0x00, 0x00, 0x00,
    0x30, 0x00, 0x00, 0x00, 0x60, 0x00, 0x00, 0x00, 0x9e, 0xfc, 0xff, 0xff,
    0x00, 0x00, 0x00, 0x01, 0x14, 0x00, 0x00, 0x00, 0x64, 0x02, 0x00, 0x00,
    0x04, 0x00, 0x00, 0x00, 0x00, 0x00, 0x00, 0x02, 0x70, 0x02, 0x00, 0x00,
    0x94, 0xfb, 0xff, 0xff, 0x08, 0x00, 0x00, 0x00, 0x88, 0x01, 0x00, 0x00,
    0x30, 0x00, 0x00, 0x00, 0x00, 0x00, 0x00, 0x00, 0x00, 0x00, 0x00, 0x00,
    0x00, 0x00, 0x00, 0x00, 0x00, 0x00, 0x00, 0x00, 0x00, 0x00, 0x00, 0x00,
    0x00, 0x00, 0x00, 0x00, 0x00, 0x00, 0x00, 0x00, 0x00, 0x00, 0x00, 0x00,
    0x00, 0x00, 0x00, 0x00, 0x00, 0x00, 0x00, 0x00, 0x00, 0x00, 0x00, 0x00,
    0x00, 0x00, 0x00, 0x00, 0x00, 0x00, 0x00, 0x00, 0x00, 0x00, 0x00, 0x00,
    0x00, 0x00, 0x00, 0x00, 0x00, 0x00, 0x00, 0x00, 0x00, 0x00, 0x00, 0x00,
    0x00, 0x00, 0x00, 0x00, 0x00, 0x00, 0x00, 0x00, 0x00, 0x00, 0x00, 0x00,
    0x00, 0x00, 0x00, 0x00, 0x00, 0x00, 0x00, 0x00, 0x00, 0x00, 0x00, 0x00,
    0x00, 0x00, 0x00, 0x00, 0x00, 0x00, 0x00, 0x00, 0x00, 0x00, 0x00, 0x00,
    0x00, 0x00, 0x00, 0x00, 0x00, 0x00, 0x00, 0x00, 0x00, 0x00, 0x00, 0x00,
    0x00, 0x00, 0x00, 0x00, 0x00, 0x00, 0x00, 0x00, 0x00, 0x00, 0x00, 0x00,
    0x00, 0x00, 0x00, 0x00, 0x00, 0x00, 0x00, 0x00, 0x00, 0x00, 0x00, 0x00,
    0x00, 0x00, 0x00, 0x00, 0x00, 0x00, 0x00, 0x00, 0x00, 0x00, 0x00, 0x00,
    0x00, 0x00, 0x00, 0x00, 0x00, 0x00, 0x00, 0x00, 0x00, 0x00, 0x00, 0x00,
    0x00, 0x00, 0x00, 0x00, 0x00, 0x00, 0x00, 0x00, 0x00, 0x00, 0x00, 0x00,
    0x00, 0x00, 0x00, 0x00, 0x00, 0x00, 0x00, 0x00, 0x00, 0x00, 0x00, 0x00,
    0x00, 0x00, 0x00, 0x00, 0x00, 0x00, 0x00, 0x00, 0x00, 0x00, 0x00, 0x00,
    0x00, 0x00, 0x00, 0x00, 0x00, 0x00, 0x00, 0x00, 0x00, 0x00, 0x00, 0x00,
    0x00, 0x00, 0x00, 0x00, 0x00, 0x00, 0x00, 0x00, 0x00, 0x00, 0x00, 0x00,
    0x00, 0x00, 0x00, 0x00, 0x00, 0x00, 0x00, 0x00, 0x00, 0x00, 0x00, 0x00,
    0x00, 0x00, 0x00, 0x00, 0x00, 0x00, 0x00, 0x00, 0x00, 0x00, 0x00, 0x00,
    0x00, 0x00, 0x00, 0x00, 0x00, 0x00, 0x00, 0x00, 0x00, 0x00, 0x00, 0x00,
    0x00, 0x00, 0x00, 0x00, 0x00, 0x00, 0x00, 0x00, 0x00, 0x00, 0x00, 0x00,
    0x00, 0x00, 0x00, 0x00, 0x00, 0x00, 0x00, 0x00, 0x00, 0x00, 0x00, 0x00,
    0x00, 0x00, 0x00, 0x00, 0x00, 0x00, 0x00, 0x00, 0x00, 0x00, 0x00, 0x00,
    0x00, 0x00, 0x00, 0x00, 0x00, 0x00, 0x00, 0x00, 0x00, 0x00, 0x00, 0x00,
    0x00, 0x00, 0x00, 0x00, 0x00, 0x00, 0x00, 0x00, 0x00, 0x00, 0x00, 0x00,
    0x00, 0x00, 0x00, 0x00, 0x00, 0x00, 0x00, 0x00, 0x00, 0x00, 0x00, 0x00,
    0x00, 0x00, 0x00, 0x00, 0x00, 0x00, 0x00, 0x00, 0x00, 0x00, 0x00, 0x00,
    0x00, 0x00, 0x00, 0x00, 0x00, 0x00, 0x00, 0x00, 0x00, 0x00, 0x00, 0x00,
    0x00, 0x00, 0x00, 0x00, 0x00, 0x00, 0x00, 0x00, 0x00, 0x00, 0x00, 0x00,
    0x00, 0x00, 0x00, 0x00, 0x00, 0x00, 0x00, 0x00, 0x00, 0x00, 0x00, 0x00,
    0x00, 0x00, 0x00, 0x00, 0x30, 0x00, 0x00, 0x00, 0x4e, 0xa6, 0x7f, 0x38,
    0x12, 0x5b, 0xb2, 0x38, 0xaf, 0x2e, 0x80, 0x38, 0x0b, 0x4f, 0x90, 0x38,
    0x4d, 0x7a, 0x38, 0x38, 0x82, 0xa4, 0x63, 0x38, 0x16, 0xda, 0x85, 0x38,
    0x84, 0x64, 0x83, 0x38, 0x65, 0x5b, 0x98, 0x38, 0x03, 0xfe, 0x78, 0x38,
    0x4a, 0xbb, 0x7c, 0x38, 0x88, 0x45, 0xff, 0x38, 0xe4, 0x01, 0x48, 0x38,
    0x5f, 0x3b, 0x75, 0x38, 0xb0, 0x8d, 0x7e, 0x38, 0x14, 0x7a, 0x87, 0x38,
    0x00, 0x3d, 0x67, 0x38, 0x75, 0x02, 0x8c, 0x38, 0xbd, 0x2f, 0x3f, 0x38,
    0x76, 0x77, 0x67, 0x38, 0x68, 0x07, 0x4a, 0x38, 0xac, 0x56, 0x73, 0x38,
    0x46, 0x2c, 0x5d, 0x38, 0xc0, 0x5a, 0xaa, 0x38, 0x84, 0xbf, 0x69, 0x38,
    0xc6, 0xf8, 0x9c, 0x38, 0xe5, 0xd5, 0x38, 0x38, 0x2b, 0xc3, 0x6d, 0x38,
    0x57, 0x55, 0x8b, 0x38, 0xc8, 0x08, 0x8e, 0x38, 0x48, 0x91, 0x51, 0x38,
    0xea, 0x85, 0x74, 0x38, 0xd1, 0xba, 0x5f, 0x38, 0x47, 0xdd, 0x9e, 0x38,
    0xd9, 0x14, 0x6b, 0x38, 0x25, 0x8c, 0x87, 0x38, 0xd2, 0xb0, 0x6e, 0x38,
    0x0f, 0x23, 0x70, 0x38, 0x85, 0xb1, 0x6d, 0x38, 0x52, 0x63, 0x8b, 0x38,
    0xda, 0xe5, 0xbb, 0x38, 0xdd, 0xd8, 0x9c, 0x38, 0xdc, 0x4e, 0x73, 0x38,
    0x51, 0x37, 0x7d, 0x38, 0xf4, 0x49, 0x4a, 0x38, 0x52, 0xdc, 0xb0, 0x38,
    0x6a, 0x3c, 0x84, 0x38, 0x85, 0xbc, 0x44, 0x38, 0x12, 0x00, 0x00, 0x00,
    0x74, 0x66, 0x6c, 0x2e, 0x70, 0x73, 0x65, 0x75, 0x64, 0x6f, 0x5f, 0x71,
    0x63, 0x6f, 0x6e, 0x73, 0x74, 0x32, 0x00, 0x00, 0x01, 0x00, 0x00, 0x00,
    0x30, 0x00, 0x00, 0x00, 0x2e, 0xff, 0xff, 0xff, 0x00, 0x00, 0x00, 0x01,
    0x14, 0x00, 0x00, 0x00, 0xa0, 0x00, 0x00, 0x00, 0x03, 0x00, 0x00, 0x00,
    0x00, 0x00, 0x00, 0x09, 0xac, 0x00, 0x00, 0x00, 0x24, 0xfe, 0xff, 0xff,
    0x08, 0x00, 0x00, 0x00, 0x5c, 0x00, 0x00, 0x00, 0x0a, 0x00, 0x00, 0x00,
    0x00, 0x00, 0x00, 0x00, 0x00, 0x00, 0x00, 0x00, 0x00, 0x00, 0x00, 0x00,
    0x00, 0x00, 0x00, 0x00, 0x00, 0x00, 0x00, 0x00, 0x00, 0x00, 0x00, 0x00,
    0x00, 0x00, 0x00, 0x00, 0x00, 0x00, 0x00, 0x00, 0x00, 0x00, 0x00, 0x00,
    0x00, 0x00, 0x00, 0x00, 0x00, 0x00, 0x00, 0x00, 0x00, 0x00, 0x00, 0x00,
    0x00, 0x00, 0x00, 0x00, 0x00, 0x00, 0x00, 0x00, 0x00, 0x00, 0x00, 0x00,
    0x00, 0x00, 0x00, 0x00, 0x00, 0x00, 0x00, 0x00, 0x00, 0x00, 0x00, 0x00,
    0x00, 0x00, 0x00, 0x00, 0x00, 0x00, 0x00, 0x00, 0x00, 0x00, 0x00, 0x00,
    0x0a, 0x00, 0x00, 0x00, 0x9c, 0x4c, 0x78, 0x3b, 0xd3, 0x88, 0x92, 0x3b,
    0x81, 0x71, 0x4a, 0x3b, 0x33, 0x4c, 0x4a, 0x3b, 0x53, 0x31, 0x5a, 0x3b,
    0x45, 0x3f, 0x45, 0x3b, 0xdb, 0x80, 0x7c, 0x3b, 0x05, 0xb8, 0x69, 0x3b,
    0x1b, 0xc1, 0x51, 0x3b, 0x30, 0x90, 0x52, 0x3b, 0x12, 0x00, 0x00, 0x00,
    0x74, 0x66, 0x6c, 0x2e, 0x70, 0x73, 0x65, 0x75, 0x64, 0x6f, 0x5f, 0x71,
    0x63, 0x6f, 0x6e, 0x73, 0x74, 0x31, 0x00, 0x00, 0x02, 0x00, 0x00, 0x00,
    0x0a, 0x00, 0x00, 0x00, 0x30, 0x00, 0x00, 0x00, 0x00, 0x00, 0x16, 0x00,
    0x1c, 0x00, 0x18, 0x00, 0x17, 0x00, 0x10, 0x00, 0x0c, 0x00, 0x08, 0x00,
    0x00, 0x00, 0x00, 0x00, 0x00, 0x00, 0x07, 0x00, 0x16, 0x00, 0x00, 0x00,
    0x00, 0x00, 0x00, 0x01, 0x14, 0x00, 0x00, 0x00, 0xa0, 0x00, 0x00, 0x00,
    0x02, 0x00, 0x00, 0x00, 0x00, 0x00, 0x00, 0x02, 0xac, 0x00, 0x00, 0x00,
    0x0c, 0xff, 0xff, 0xff, 0x08, 0x00, 0x00, 0x00, 0x5c, 0x00, 0x00, 0x00,
    0x0a, 0x00, 0x00, 0x00, 0x00, 0x00, 0x00, 0x00, 0x00, 0x00, 0x00, 0x00,
    0x00, 0x00, 0x00, 0x00, 0x00, 0x00, 0x00, 0x00, 0x00, 0x00, 0x00, 0x00,
    0x00, 0x00, 0x00, 0x00, 0x00, 0x00, 0x00, 0x00, 0x00, 0x00, 0x00, 0x00,
    0x00, 0x00, 0x00, 0x00, 0x00, 0x00, 0x00, 0x00, 0x00, 0x00, 0x00, 0x00,
    0x00, 0x00, 0x00, 0x00, 0x00, 0x00, 0x00, 0x00, 0x00, 0x00, 0x00, 0x00,
    0x00, 0x00, 0x00, 0x00, 0x00, 0x00, 0x00, 0x00, 0x00, 0x00, 0x00, 0x00,
    0x00, 0x00, 0x00, 0x00, 0x00, 0x00, 0x00, 0x00, 0x00, 0x00, 0x00, 0x00,
    0x00, 0x00, 0x00, 0x00, 0x0a, 0x00, 0x00, 0x00, 0x2e, 0x11, 0x18, 0x39,
    0x51, 0x7c, 0x33, 0x39, 0x7c, 0xf7, 0xf7, 0x38, 0xcb, 0xc9, 0xf7, 0x38,
    0xf8, 0xa0, 0x05, 0x39, 0x1f, 0x9a, 0xf1, 0x38, 0x4f, 0xa4, 0x1a, 0x39,
    0x36, 0x23, 0x0f, 0x39, 0xfa, 0x75, 0x00, 0x39, 0xcd, 0xf4, 0x00, 0x39,
    0x11, 0x00, 0x00, 0x00, 0x74, 0x66, 0x6c, 0x2e, 0x70, 0x73, 0x65, 0x75,
    0x64, 0x6f, 0x5f, 0x71, 0x63, 0x6f, 0x6e, 0x73, 0x74, 0x00, 0x00, 0x00,
    0x01, 0x00, 0x00, 0x00, 0x0a, 0x00, 0x00, 0x00, 0x00, 0x00, 0x16, 0x00,
    0x20, 0x00, 0x1c, 0x00, 0x1b, 0x00, 0x14, 0x00, 0x10, 0x00, 0x0c, 0x00,
    0x00, 0x00, 0x00, 0x00, 0x08, 0x00, 0x07, 0x00, 0x16, 0x00, 0x00, 0x00,
    0x00, 0x00, 0x00, 0x01, 0x18, 0x00, 0x00, 0x00, 0x2c, 0x00, 0x00, 0x00,
    0x48, 0x00, 0x00, 0x00, 0x01, 0x00, 0x00, 0x00, 0x00, 0x00, 0x00, 0x09,
    0x60, 0x00, 0x00, 0x00, 0x02, 0x00, 0x00, 0x00, 0xff, 0xff, 0xff, 0xff,
    0x80, 0x00, 0x00, 0x00, 0x0c, 0x00, 0x0c, 0x00, 0x00, 0x00, 0x00, 0x00,
    0x08, 0x00, 0x04, 0x00, 0x0c, 0x00, 0x00, 0x00, 0x08, 0x00, 0x00, 0x00,
    0x10, 0x00, 0x00, 0x00, 0x01, 0x00, 0x00, 0x00, 0xb4, 0xff, 0xff, 0xff,
    0xff, 0xff, 0xff, 0xff, 0x01, 0x00, 0x00, 0x00, 0x45, 0x6f, 0xa9, 0x3c,
    0x1d, 0x00, 0x00, 0x00, 0x73, 0x65, 0x72, 0x76, 0x69, 0x6e, 0x67, 0x5f,
    0x64, 0x65, 0x66, 0x61, 0x75, 0x6c, 0x74, 0x5f, 0x69, 0x6e, 0x70, 0x75,
    0x74, 0x5f, 0x6c, 0x61, 0x79, 0x65, 0x72, 0x3a, 0x30, 0x00, 0x00, 0x00,
    0x02, 0x00, 0x00, 0x00, 0x01, 0x00, 0x00, 0x00, 0x80, 0x00, 0x00, 0x00,
    0x02, 0x00, 0x00, 0x00, 0x24, 0x00, 0x00, 0x00, 0x04, 0x00, 0x00, 0x00,
    0xf0, 0xff, 0xff, 0xff, 0x19, 0x00, 0x00, 0x00, 0x02, 0x00, 0x00, 0x00,
    0x00, 0x00, 0x00, 0x19, 0x0c, 0x00, 0x10, 0x00, 0x0f, 0x00, 0x00, 0x00,
    0x08, 0x00, 0x04, 0x00, 0x0c, 0x00, 0x00, 0x00, 0x09, 0x00, 0x00, 0x00,
    0x04, 0x00, 0x00, 0x00, 0x00, 0x00, 0x00, 0x09,
};
const unsigned int g_model_data_len = 24152;
